SUBURB,PERIOD,PRICE
CLAYTON SOUTH,Q3 2019,832000
DANDENONG,Q3 2019,600000
MERNDA,Q3 2019,555000
WARBURTON,Q3 2019,495000
ATTWOOD,Q3 2019,716000
SYNDAL,Q3 2019,1605000
FAWKNER,Q3 2019,690000
SOMERVILLE,Q3 2019,612500
STRATFORD,Q3 2019,336500
BANNOCKBURN,Q3 2019,555000
CHELTENHAM EAST,Q3 2019,935000
EAGLEMONT,Q3 2019,1799000
LEOPOLD,Q3 2019,520000
AVONDALE HEIGHTS,Q3 2019,800000
DIAMOND CREEK,Q3 2019,775000
WARRANWOOD,Q3 2019,997000
CALIFORNIA GULLY,Q3 2019,312500
CRANBOURNE,Q3 2019,508800
ECHUCA,Q3 2019,386300
BRAYBROOK,Q3 2019,649000
SPOTSWOOD,Q3 2019,912500
TOORADIN,Q3 2019,785000
KEYSBOROUGH,Q3 2019,770000
MCKENZIE HILL,Q3 2019,567500
WERRIBEE,Q3 2019,525000
BERWICK,Q3 2019,692500
KEILOR PARK,Q3 2019,735000
VERMONT,Q3 2019,989500
CROYDON NORTH,Q3 2019,815500
GLADSTONE PARK,Q3 2019,642000
BONBEACH,Q3 2019,900000
HEIDELBERG WEST,Q3 2019,670000
TONGALA,Q3 2019,229000
FOOTSCRAY,Q3 2019,816000
JUNCTION VILLAGE,Q3 2019,453200
ROCHESTER,Q3 2019,260000
FLEMINGTON,Q3 2019,1100000
KILLARA (WODONGA),Q3 2019,525000
ST KILDA EAST,Q3 2019,1511000
TALLANGATTA,Q3 2019,285000
ALTONA EAST,Q3 2019,900000
SANDHURST,Q3 2019,805000
BLACKBURN NORTH,Q3 2019,978500
OUYEN,Q3 2019,112300
BANDIANA,Q3 2019,365000
BELLFIELD (BANYULE),Q3 2019,844500
MARIBYRNONG,Q3 2019,1015000
MALVERN,Q3 2019,2825500
NORTH MELBOURNE,Q3 2019,1301000
MALVERN EAST,Q3 2019,1828500
BURWOOD EAST,Q3 2019,1055000
BALWYN,Q3 2019,2400000
SMITHS BEACH,Q3 2019,730000
KINGSVILLE,Q3 2019,1187500
LOVELY BANKS,Q3 2019,663000
BALLAN,Q3 2019,479500
HEATHERTON,Q3 2019,985000
VERMONT SOUTH,Q3 2019,1170000
DONVALE,Q3 2019,1285000
NERRINA,Q3 2019,690000
SOUTH KINGSVILLE,Q3 2019,915000
RAINBOW,Q3 2019,85000
CREMORNE,Q3 2019,1190000
MERBEIN,Q3 2019,226000
PEARCEDALE,Q3 2019,692000
PORT ALBERT,Q3 2019,305000
BEVERIDGE,Q3 2019,620300
PARKVILLE,Q3 2019,2012500
BRIGHT,Q3 2019,725000
LUCKNOW,Q3 2019,282000
BOX HILL,Q3 2019,1677000
BROOKLYN,Q3 2019,750000
CHEWTON,Q3 2019,475000
NIDDRIE,Q3 2019,1147500
INGLEWOOD,Q3 2019,250000
KOO WEE RUP,Q3 2019,570000
WAHGUNYAH,Q3 2019,314000
GOWANBRAE,Q3 2019,697000
CLIFTON HILL,Q3 2019,1250000
GREEN LAKE,Q3 2019,304500
KANIVA,Q3 2019,119800
ORBOST,Q3 2019,260000
CARRUM,Q3 2019,836300
DUNOLLY,Q3 2019,257000
ST KILDA WEST,Q3 2019,3100000
ELMORE,Q3 2019,332500
WEDDERBURN,Q3 2019,167500
BIRREGURRA,Q3 2019,462800
SOUTH YARRA,Q3 2019,2194000
BOX HILL SOUTH,Q3 2019,1296400
CANTERBURY,Q3 2019,3268000
WYCHEPROOF,Q3 2019,124500
SELBY,Q3 2019,731000
CAROLINE SPRINGS,Q3 2019,620000
DONCASTER,Q3 2019,1280000
MOOROOPNA,Q3 2019,272300
POINT COOK,Q3 2019,653300
BURWOOD,Q3 2019,1359000
HAMPTON EAST,Q3 2019,1235000
STRATHTULLOH,Q3 2019,540000
TARNEIT,Q3 2019,561000
WESTMEADOWS,Q3 2019,634400
SCORESBY,Q3 2019,765900
MITCHAM,Q3 2019,925000
NEW GISBORNE,Q3 2019,735000
WOLLERT,Q3 2019,585000
HAMLYN HEIGHTS,Q3 2019,550000
FOREST HILL,Q3 2019,990000
PLENTY,Q3 2019,1400000
THE BASIN,Q3 2019,752600
SURREY HILLS,Q3 2019,1931000
SEA LAKE,Q3 2019,135000
CAPE PATERSON,Q3 2019,560000
ST KILDA,Q3 2019,1467500
COBRAM,Q3 2019,302500
ARMADALE,Q3 2019,2610000
CAULFIELD NORTH,Q3 2019,2200000
LORNE,Q3 2019,1817500
CHELTENHAM NORTH,Q3 2019,1057500
BOOLARRA,Q3 2019,230000
OMEO,Q3 2019,305000
DUNKELD,Q3 2019,292500
BLACK HILL,Q3 2019,532500
ROCKBANK,Q3 2019,575000
SURF BEACH,Q3 2019,617500
CLAYTON NORTH,Q3 2019,1240000
ALBERT PARK,Q3 2019,2465000
WEST MELBOURNE,Q3 2019,1385000
STRATHMERTON,Q3 2019,277500
LAKE TYERS BEACH,Q3 2019,366300
THE PATCH,Q3 2019,655500
TEMPLESTOWE,Q3 2019,1400000
BURNSIDE HEIGHTS,Q3 2019,685000
COWES,Q3 2019,600000
HORSHAM,Q3 2019,269000
SKYE,Q3 2019,610000
MAIDSTONE,Q3 2019,745000
SORRENTO,Q3 2019,1485000
TRUGANINA,Q3 2019,590000
WEIR VIEWS,Q3 2019,486500
BOX HILL NORTH,Q3 2019,1222500
HARKNESS,Q3 2019,480000
PASCOE VALE SOUTH,Q3 2019,966800
MOUNT WAVERLEY,Q3 2019,1303000
EUMEMMERRING,Q3 2019,561500
LAKE BOGA,Q3 2019,239000
MIDDLE PARK,Q3 2019,2700000
HIGHETT,Q3 2019,1280000
LAKE WENDOUREE,Q3 2019,1000000
PORTSEA,Q3 2019,2300000
CASTERTON,Q3 2019,170000
CAULFIELD EAST,Q3 2019,1340000
TRAVANCORE,Q3 2019,1560000
INDENTED HEAD,Q3 2019,797500
GLEN HUNTLY,Q3 2019,1602000
SEASPRAY,Q3 2019,370000
MALLACOOTA,Q3 2019,512500
VIOLET TOWN,Q3 2019,342500
MONT ALBERT NORTH,Q3 2019,1417000
AIRPORT WEST,Q3 2019,810500
GRANTVILLE,Q3 2019,392500
KINGLAKE,Q3 2019,555000
LOWER PLENTY,Q3 2019,770000
CHELTENHAM,Q3 2019,1137000
PARK ORCHARDS,Q3 2019,1605000
BAYSWATER,Q3 2019,736000
EYNESBURY,Q3 2019,599500
YARRAVILLE,Q3 2019,1010000
PRINCES HILL,Q3 2019,2218500
FIVEWAYS,Q3 2019,957500
KEILOR EAST,Q3 2019,885000
KEW NORTH,Q3 2019,1897500
HEATHCOTE,Q3 2019,295500
KEALBA,Q3 2019,612000
ASHBURTON,Q3 2019,1760000
BENTLEIGH EAST,Q3 2019,1225000
MITCHELL PARK,Q3 2019,327500
JEERALANG NORTH,Q3 2019,185000
KILSYTH,Q3 2019,676300
KNOXFIELD,Q3 2019,846300
MOORABBIN,Q3 2019,1120000
WANDIN NORTH,Q3 2019,621000
GLENROWAN,Q3 2019,365000
YALLAMBIE,Q3 2019,861000
CLUNES,Q3 2019,310000
MOUNT MARTHA,Q3 2019,1316500
KALLISTA,Q3 2019,750000
MELTON,Q3 2019,397500
BURNSIDE,Q3 2019,620000
MOONEE PONDS,Q3 2019,1255000
WAURN PONDS,Q3 2019,685000
BALACLAVA,Q3 2019,1502500
RUPANYUP,Q3 2019,159000
BRUNSWICK EAST,Q3 2019,1192000
EASTWOOD,Q3 2019,440000
LENEVA,Q3 2019,452500
SAN REMO,Q3 2019,601000
MULGRAVE,Q3 2019,881000
OAK PARK,Q3 2019,947500
RIDDELLS CREEK,Q3 2019,757500
SEAHOLME,Q3 2019,1020000
PARKDALE,Q3 2019,1152500
TRARALGON EAST,Q3 2019,577500
CAULFIELD,Q3 2019,1830000
WANTIRNA,Q3 2019,951000
COONGULLA,Q3 2019,285000
SUNSHINE WEST,Q3 2019,645000
CLAYTON,Q3 2019,1082500
CRANBOURNE SOUTH,Q3 2019,625000
YARRAGON,Q3 2019,425000
BRUNSWICK,Q3 2019,1037500
EUREKA,Q3 2019,345000
BALLARAT NORTH,Q3 2019,400000
WANTIRNA SOUTH,Q3 2019,1012500
WINDSOR,Q3 2019,1350000
ALTONA,Q3 2019,887500
BUNDOORA,Q3 2019,754500
CAMBERWELL,Q3 2019,2169000
MOUNT MACEDON,Q3 2019,940000
BULLEEN,Q3 2019,1200000
IRYMPLE,Q3 2019,418000
OAKLEIGH EAST,Q3 2019,1026100
KEILOR,Q3 2019,865000
CORRYONG,Q3 2019,282500
HEYWOOD,Q3 2019,185500
ESSENDON,Q3 2019,1400000
MCKINNON,Q3 2019,1542500
ELTHAM,Q3 2019,937500
DONALD,Q3 2019,145000
WESTGARTH,Q3 2019,1765000
MORDIALLOC,Q3 2019,1090000
DARLEY,Q3 2019,520100
DERRIMUT,Q3 2019,671500
MOUNT CLEAR,Q3 2019,447500
ALTONA MEADOWS,Q3 2019,625000
ASHWOOD,Q3 2019,1210000
LANGWARRIN,Q3 2019,650000
NELSON,Q3 2019,200000
RINGWOOD,Q3 2019,845000
BARANDUDA,Q3 2019,409000
FRANKSTON NORTH,Q3 2019,427500
CRANBOURNE NORTH,Q3 2019,578200
CROYDON SOUTH,Q3 2019,688000
MILLGROVE,Q3 2019,405000
COBBLEBANK,Q3 2019,493000
TOOTGAROOK,Q3 2019,617500
TULLAMARINE,Q3 2019,618000
CARLTON NORTH,Q3 2019,1512500
KALKALLO,Q3 2019,547500
BEAUMARIS,Q3 2019,1680000
GOLDEN POINT (BALLARAT),Q3 2019,392500
NORTHCOTE,Q3 2019,1340000
CLYDE NORTH,Q3 2019,571000
RESERVOIR,Q3 2019,762500
WONTHAGGI,Q3 2019,369000
GLEN WAVERLEY,Q3 2019,1250000
SPRINGVALE,Q3 2019,759000
TYABB,Q3 2019,615000
YARRA JUNCTION,Q3 2019,600000
TOORA,Q3 2019,275000
ALBANVALE,Q3 2019,500000
BEECHWORTH,Q3 2019,520000
MANSFIELD,Q3 2019,495000
MEADOW HEIGHTS,Q3 2019,479000
NUNAWADING,Q3 2019,941500
EMERALD,Q3 2019,662500
MINERS REST,Q3 2019,435000
JAN JUC,Q3 2019,887000
MACLEOD,Q3 2019,1005000
RICHMOND,Q3 2019,1243500
BORONIA,Q3 2019,700000
COLDSTREAM,Q3 2019,638600
NORTH WONTHAGGI,Q3 2019,429000
BELL PARK,Q3 2019,487500
FRANKSTON SOUTH,Q3 2019,827500
NARRE WARREN,Q3 2019,591000
QUEENSCLIFF,Q3 2019,825000
NUMURKAH,Q3 2019,245000
ROWVILLE,Q3 2019,837000
ST ALBANS,Q3 2019,590000
PORTLAND,Q3 2019,275000
ROSANNA,Q3 2019,1105000
SEVILLE,Q3 2019,613300
CARRUM DOWNS,Q3 2019,527500
MAIDEN GULLY,Q3 2019,513800
BELMONT,Q3 2019,558800
HASTINGS,Q3 2019,508500
CANADIAN,Q3 2019,377500
EAGLEHAWK,Q3 2019,329000
ESSENDON WEST,Q3 2019,1140000
KORUMBURRA,Q3 2019,326500
LYNBROOK,Q3 2019,580300
LYSTERFIELD,Q3 2019,897000
WHITTLESEA,Q3 2019,569000
BRIGHTON,Q3 2019,3005000
IVANHOE,Q3 2019,1700000
SHEPPARTON NORTH,Q3 2019,420000
WINTER VALLEY,Q3 2019,410000
BRIAGOLONG,Q3 2019,279000
LARA,Q3 2019,495000
TORQUAY,Q3 2019,765000
MADDINGLEY,Q3 2019,470000
SILVERLEAVES,Q3 2019,660000
YARRA GLEN,Q3 2019,650000
BAYSWATER NORTH,Q3 2019,707900
COCKATOO,Q3 2019,570000
FLOWERDALE,Q3 2019,285000
KILMORE,Q3 2019,422000
SOLDIERS HILL,Q3 2019,462300
BRIGHTON EAST,Q3 2019,1700300
GLEN IRIS,Q3 2019,1920000
ESSENDON NORTH,Q3 2019,935000
CORIO,Q3 2019,350000
BROADMEADOWS,Q3 2019,490000
PIONEER BAY,Q3 2019,347500
WARRNAMBOOL,Q3 2019,370000
CASTLEMAINE,Q3 2019,452000
SWAN HILL,Q3 2019,277500
ASCOT (GREATER BENDIGO),Q3 2019,425400
CAMPBELLS CREEK,Q3 2019,483000
CLARINDA,Q3 2019,789000
NEWLANDS ARM,Q3 2019,480000
CRESWICK,Q3 2019,350000
WHITTINGTON,Q3 2019,372000
PORT WELSHPOOL,Q3 2019,150000
BOTANIC RIDGE,Q3 2019,675000
THOMSON (GREATER GEELONG),Q3 2019,387500
SEYMOUR,Q3 2019,285000
COBURG,Q3 2019,953000
HUNTLY,Q3 2019,348800
WALLAN EAST,Q3 2019,445000
COBURG EAST,Q3 2019,960000
OCEAN GROVE,Q3 2019,687500
WANGARATTA,Q3 2019,299500
LONG GULLY,Q3 2019,267500
MELTON WEST,Q3 2019,413000
FITZROY NORTH,Q3 2019,1275000
GISBORNE,Q3 2019,730000
CAMPBELLFIELD,Q3 2019,505000
CHELSEA,Q3 2019,900000
ROBINVALE,Q3 2019,241500
HALLS GAP,Q3 2019,302800
COOLAROO,Q3 2019,438300
COHUNA,Q3 2019,197000
DINNER PLAIN,Q3 2019,610000
PYRAMID HILL,Q3 2019,125000
BLAIRGOWRIE,Q3 2019,912500
POREPUNKAH,Q3 2019,515100
ELSTERNWICK,Q3 2019,2055000
JACKASS FLAT,Q3 2019,313500
METUNG,Q3 2019,405000
REDAN,Q3 2019,348500
ROSEBUD SOUTH,Q3 2019,699000
WOODEND,Q3 2019,693500
SALE,Q3 2019,309000
SEDDON,Q3 2019,925000
BARWON HEADS,Q3 2019,913500
FINGAL,Q3 2019,1280000
GARFIELD,Q3 2019,540000
MONTMORENCY,Q3 2019,838500
COLAC,Q3 2019,300100
KENNINGTON,Q3 2019,372500
KERANG,Q3 2019,168500
SYDENHAM,Q3 2019,565000
GOLDEN SQUARE,Q3 2019,333800
DIGGERS REST,Q3 2019,495000
GEELONG,Q3 2019,710800
CARLTON,Q3 2019,1134000
MARYBOROUGH,Q3 2019,228500
RESEARCH,Q3 2019,930000
TAYLORS HILL,Q3 2019,693500
CHARLEMONT,Q3 2019,460000
HAWTHORN EAST,Q3 2019,2412500
DELACOMBE,Q3 2019,365000
ORMOND,Q3 2019,1460000
ELWOOD,Q3 2019,1955000
PATTERSON GARDENS,Q3 2019,890000
MAFFRA,Q3 2019,250000
TATURA,Q3 2019,282000
NORTH BENDIGO,Q3 2019,320000
SOMERS,Q3 2019,990000
BAXTER,Q3 2019,482500
EPSOM,Q3 2019,366300
DEEPDENE,Q3 2019,2680000
NEWBOROUGH,Q3 2019,257500
NARRE WARREN NORTH,Q3 2019,1030000
ABERFELDIE,Q3 2019,1352500
SANDY POINT,Q3 2019,410000
WARRACKNABEAL,Q3 2019,115000
BALLARAT EAST,Q3 2019,340000
BONSHAW,Q3 2019,399000
DAYLESFORD,Q3 2019,560000
WARNEET,Q3 2019,505000
HAMPTON,Q3 2019,1799000
GARDEN CITY,Q3 2019,1470000
DALYSTON,Q3 2019,373500
MIRBOO NORTH,Q3 2019,320000
ALEXANDRA,Q3 2019,285000
PRAHRAN,Q3 2019,1570000
KENSINGTON,Q3 2019,947000
ASPENDALE GARDENS,Q3 2019,836000
BROADFORD,Q3 2019,420000
NEWTOWN (GREATER GEELONG),Q3 2019,755000
CRIB POINT,Q3 2019,568500
GREENVALE,Q3 2019,707500
CHIRNSIDE PARK,Q3 2019,730000
WILLIAMS LANDING,Q3 2019,656000
BIRCHIP,Q3 2019,108500
CROYDON,Q3 2019,725000
HOPPERS CROSSING,Q3 2019,537500
MORNINGTON,Q3 2019,816300
ALFREDTON,Q3 2019,498000
BLACKBURN SOUTH,Q3 2019,1003000
MILL PARK,Q3 2019,673000
SAFETY BEACH,Q3 2019,805000
WONGA PARK,Q3 2019,888000
BALCOMBE,Q3 2019,1140000
DOREEN,Q3 2019,585000
WHITE HILLS,Q3 2019,330000
BALWYN NORTH,Q3 2019,1752000
DONCASTER EAST,Q3 2019,1185000
ELLIMINYT,Q3 2019,462500
NOBLE PARK,Q3 2019,633000
ROMSEY,Q3 2019,597500
WILLIAMSTOWN,Q3 2019,1350000
GOLDEN BEACH,Q3 2019,255300
COWES WEST,Q3 2019,520000
MOUNT EVELYN,Q3 2019,602000
NEWSTEAD,Q3 2019,400000
BUNYIP,Q3 2019,445000
STAWELL,Q3 2019,185000
UPPER FERNTREE GULLY,Q3 2019,602500
WENDOUREE WEST,Q3 2019,257500
BROOKFIELD,Q3 2019,440000
HOPETOUN,Q3 2019,91300
BADGER CREEK,Q3 2019,435000
NICHOLS POINT,Q3 2019,530000
FOSTER,Q3 2019,320000
TOORAK,Q3 2019,4750000
GEMBROOK,Q3 2019,602500
KOROIT,Q3 2019,327500
CAMPERDOWN,Q3 2019,252500
COLERAINE,Q3 2019,103000
SANDRINGHAM,Q3 2019,1636300
ST ARNAUD,Q3 2019,152500
YINNAR,Q3 2019,300000
PORT MELBOURNE,Q3 2019,1303000
CAPE SCHANCK,Q3 2019,1075000
KYABRAM,Q3 2019,261500
MOUNT PLEASANT,Q3 2019,318800
PATTERSON LAKES,Q3 2019,823500
WARRANDYTE,Q3 2019,878000
ALTONA NORTH,Q3 2019,742500
SPRING GULLY,Q3 2019,345000
WATSONIA NORTH,Q3 2019,706800
WHEELERS HILL,Q3 2019,980000
BALNARRING,Q3 2019,825000
PAYNESVILLE,Q3 2019,350000
WERRIBEE SOUTH,Q3 2019,650000
YALLOURN NORTH,Q3 2019,172500
CHADSTONE,Q3 2019,925000
MURTOA,Q3 2019,119000
SASSAFRAS,Q3 2019,767500
MORWELL,Q3 2019,170500
ALBION,Q3 2019,600000
IRONBARK,Q3 2019,313000
QUARRY HILL,Q3 2019,350000
WOOLAMAI WATERS,Q3 2019,447500
BRUTHEN,Q3 2019,275000
PORTARLINGTON,Q3 2019,590000
WOORI YALLOCK,Q3 2019,450000
HERNE HILL,Q3 2019,497500
HAMILTON,Q3 2019,200000
CAULFIELD SOUTH,Q3 2019,1360000
BLACKWOOD,Q3 2019,340000
ARARAT,Q3 2019,219000
SMYTHESDALE,Q3 2019,410000
TAWONGA SOUTH,Q3 2019,383500
BENDIGO,Q3 2019,390000
ST HELENA,Q3 2019,878500
AINTREE,Q3 2019,575000
BUNINYONG,Q3 2019,470000
COONANS HILL,Q3 2019,815000
YARRAWONGA,Q3 2019,372500
MACEDON,Q3 2019,790000
MOUNT DANDENONG,Q3 2019,572500
FERNY CREEK,Q3 2019,728000
KEILOR DOWNS,Q3 2019,630000
MOUNT BEAUTY,Q3 2019,300000
STRATHFIELDSAYE,Q3 2019,495000
GREENSBOROUGH,Q3 2019,785600
LAVERTON SOUTH,Q3 2019,610300
WESTALL,Q3 2019,748000
TEMPLESTOWE LOWER,Q3 2019,1102500
CAPEL SOUND,Q3 2019,510000
FITZROY,Q3 2019,1392500
MOUNT HELEN,Q3 2019,445000
WILLIAMSTOWN NORTH,Q3 2019,851000
ANGLESEA,Q3 2019,1000000
BAIRNSDALE,Q3 2019,274500
BEACONSFIELD,Q3 2019,650000
COBURG NORTH,Q3 2019,850000
LANG LANG,Q3 2019,497500
NEWCOMB,Q3 2019,455000
CAIRNLEA,Q3 2019,772500
LOCH SPORT,Q3 2019,262500
MARONG,Q3 2019,440000
MARSHALL,Q3 2019,492500
PRESTON,Q3 2019,956000
WEST WODONGA,Q3 2019,346500
CRANBOURNE EAST,Q3 2019,559500
LAVERTON,Q3 2019,547500
LEONGATHA,Q3 2019,376000
COLLINGWOOD,Q3 2019,1010000
MOUNT DUNEED,Q3 2019,563500
WATSONIA,Q3 2019,753500
WYNDHAM VALE,Q3 2019,465000
WARRAGUL,Q3 2019,460000
CHURCHILL,Q3 2019,180000
MONT ALBERT,Q3 2019,1960000
RED CLIFFS,Q3 2019,206500
WINCHELSEA,Q3 2019,376500
KILCUNDA,Q3 2019,440000
KALIMNA,Q3 2019,269000
LANCEFIELD,Q3 2019,477000
TOONGABBIE,Q3 2019,270000
NATHALIA,Q3 2019,181500
HAWTHORN,Q3 2019,1865000
KILSYTH SOUTH,Q3 2019,680000
NAGAMBIE,Q3 2019,365000
EAST BAIRNSDALE,Q3 2019,235000
FAIRFIELD,Q3 2019,1060000
KALORAMA,Q3 2019,590000
KINGSBURY,Q3 2019,676000
MYRTLEFORD,Q3 2019,296000
HUGHESDALE,Q3 2019,1125500
OAKLEIGH,Q3 2019,1100000
ASCOT VALE,Q3 2019,978800
NEERIM SOUTH,Q3 2019,375000
DENNINGTON,Q3 2019,280000
JEPARIT,Q3 2019,83500
EAST GEELONG,Q3 2019,590000
GOUGHS BAY,Q3 2019,274800
VENTNOR,Q3 2019,487500
EILDON,Q3 2019,207500
RUTHERGLEN,Q3 2019,327000
EAGLE POINT,Q3 2019,382000
TRENTHAM,Q3 2019,622000
SHEPPARTON,Q3 2019,297500
HILLSIDE (MELTON),Q3 2019,630300
WANDANA HEIGHTS,Q3 2019,690000
LAUNCHING PLACE,Q3 2019,512500
UPWEY,Q3 2019,742000
ST LEONARDS,Q3 2019,577500
BREAKWATER,Q3 2019,392000
DEER PARK,Q3 2019,540000
ENDEAVOUR HILLS,Q3 2019,620000
MONTROSE,Q3 2019,723500
ROXBURGH PARK,Q3 2019,545000
CORONET BAY,Q3 2019,347500
FERNTREE GULLY,Q3 2019,706500
MANOR LAKES,Q3 2019,535000
MINYIP,Q3 2019,64500
NEWPORT,Q3 2019,1075000
SOUTH MORANG,Q3 2019,621000
BELGRAVE,Q3 2019,620000
BLIND BIGHT,Q3 2019,520000
DRYSDALE,Q3 2019,572500
SEBASTOPOL,Q3 2019,326000
THOMASTOWN,Q3 2019,600000
FRANKSTON,Q3 2019,586300
KANGAROO FLAT,Q3 2019,355000
LAKES ENTRANCE,Q3 2019,277000
SUNDERLAND BAY,Q3 2019,335000
TERANG,Q3 2019,200000
HEYFIELD,Q3 2019,169300
MCCRAE,Q3 2019,625000
DONNYBROOK,Q3 2019,510000
BEAUFORT,Q3 2019,225000
RAYMOND ISLAND,Q3 2019,300000
EUROA,Q3 2019,250000
RUSHWORTH,Q3 2019,162500
LISMORE,Q3 2019,138500
NYAH WEST,Q3 2019,88500
MOE,Q3 2019,190000
AVOCA,Q3 2019,160000
GORDON,Q3 2019,380000
TIMBOON,Q3 2019,277500
BALLARAT CENTRAL,Q3 2019,505000
DANDENONG NORTH,Q3 2019,605000
HAMPTON PARK,Q3 2019,515500
PORT FAIRY,Q3 2019,625000
EAST BENDIGO,Q3 2019,388500
KYNETON,Q3 2019,590000
HASTINGS WEST,Q3 2019,441900
HEIDELBERG HEIGHTS,Q3 2019,775000
KINGS PARK,Q3 2019,499000
MOUNT ELIZA,Q3 2019,1150000
ST ALBANS PARK,Q3 2019,420000
YEA,Q3 2019,470500
SUNBURY,Q3 2019,520000
TAYLORS LAKES,Q3 2019,759500
BACCHUS MARSH,Q3 2019,498500
HALLAM,Q3 2019,555000
BRUNSWICK WEST,Q3 2019,1074500
HEPBURN SPRINGS,Q3 2019,540000
MENTONE,Q3 2019,980000
MURCHISON,Q3 2019,219500
PETERBOROUGH,Q3 2019,407300
FRASER RISE,Q3 2019,579000
MONBULK,Q3 2019,610000
EDITHVALE,Q3 2019,950000
JACANA,Q3 2019,524500
BLACKBURN,Q3 2019,1310000
DROUIN,Q3 2019,425000
MURRUMBEENA,Q3 2019,1400800
SUNSHINE,Q3 2019,625000
THE HONEYSUCKLES,Q3 2019,215000
COBDEN,Q3 2019,195000
MANIFOLD HEIGHTS,Q3 2019,583500
KOONDROOK,Q3 2019,218500
EDENHOPE,Q3 2019,104000
ST ANDREWS BEACH,Q3 2019,695000
MORTLAKE,Q3 2019,162500
AVENEL,Q3 2019,351000
SOUTH GEELONG,Q3 2019,677300
DIMBOOLA,Q3 2019,95000
ARMSTRONG CREEK,Q3 2019,540000
STRATHDALE,Q3 2019,467000
WURRUK,Q3 2019,245000
CRANBOURNE WEST,Q3 2019,511000
LONGWARRY,Q3 2019,405000
MOOROOLBARK,Q3 2019,670800
RYE,Q3 2019,705000
SEAFORD,Q3 2019,655500
MILDURA,Q3 2019,315000
CHARLTON,Q3 2019,141000
GEELONG WEST,Q3 2019,680000
OSBORNE,Q3 2019,771500
SUNSET STRIP,Q3 2019,460000
RINGWOOD EAST,Q3 2019,779000
SANCTUARY LAKES,Q3 2019,620000
VIEWBANK,Q3 2019,920000
SPRINGVALE SOUTH,Q3 2019,685000
STRATHMORE,Q3 2019,1325000
SUNSHINE NORTH,Q3 2019,610000
APOLLO BAY,Q3 2019,600000
NOBLE PARK NORTH,Q3 2019,597000
NORLANE,Q3 2019,350000
TRAFALGAR,Q3 2019,407500
HIGHTON,Q3 2019,695000
WEST FOOTSCRAY,Q3 2019,830000
FAIRHAVEN,Q3 2019,742500
OLINDA,Q3 2019,700000
IVANHOE EAST,Q3 2019,1853800
KANGAROO GROUND SOUTH,Q3 2019,800000
BROWN HILL,Q3 2019,435000
CURLEWIS,Q3 2019,535000
DINGLEY VILLAGE,Q3 2019,860000
NORTH GEELONG,Q3 2019,490000
PAKENHAM,Q3 2019,485500
BRIAR HILL,Q3 2019,816300
MALDON,Q3 2019,482500
POINT LONSDALE,Q3 2019,795000
DROMANA,Q3 2019,708000
LYNDHURST,Q3 2019,661500
CARNEGIE,Q3 2019,1262500
HADFIELD,Q3 2019,726500
LARA LAKE,Q3 2019,540000
DALLAS,Q3 2019,442500
HURSTBRIDGE,Q3 2019,670000
JUNORTOUN,Q3 2019,530000
SEVILLE EAST,Q3 2019,509500
WATTLE GLEN,Q3 2019,815000
KURUNJANG,Q3 2019,412500
WY YUNG,Q3 2019,360000
YARRAM,Q3 2019,224000
OFFICER,Q3 2019,550000
GLENROY,Q3 2019,705000
INVERMAY PARK,Q3 2019,450000
TRARALGON,Q3 2019,325000
WODONGA,Q3 2019,320000
CROYDON HILLS,Q3 2019,815500
HEALESVILLE,Q3 2019,547500
LUCAS,Q3 2019,431000
CHILTERN,Q3 2019,187200
ROSEDALE,Q3 2019,177500
FLINDERS,Q3 2019,1400000
CORINELLA,Q3 2019,335000
ASPENDALE,Q3 2019,1032500
CRAIGIEBURN,Q3 2019,530000
FLORA HILL,Q3 2019,361000
SEABROOK,Q3 2019,578800
SOUTH MELBOURNE,Q3 2019,1528000
VENUS BAY,Q3 2019,335000
BENALLA,Q3 2019,286500
HEIDELBERG,Q3 2019,1090500
WIMBLEDON HEIGHTS,Q3 2019,388300
CLYDE,Q3 2019,542500
INVERLOCH,Q3 2019,575000
DELAHEY,Q3 2019,535000
HEPBURN,Q3 2019,445000
OAKLEIGH SOUTH,Q3 2019,886000
THORNHILL PARK,Q3 2019,535000
CHELSEA HEIGHTS,Q3 2019,710000
NARRE WARREN SOUTH,Q3 2019,620000
WENDOUREE,Q3 2019,331900
ABBOTSFORD,Q3 2019,1160000
LALOR,Q3 2019,580000
TECOMA,Q3 2019,650000
BELL POST HILL,Q3 2019,457500
BITTERN,Q3 2019,577500
CLIFTON SPRINGS,Q3 2019,459800
ELTHAM NORTH,Q3 2019,1044500
EPPING,Q3 2019,524400
LILYDALE,Q3 2019,657500
BLACK ROCK,Q3 2019,1939300
RHYLL,Q3 2019,530000
ROSEBUD,Q3 2019,542500
DOVETON,Q3 2019,450000
GROVEDALE,Q3 2019,480000
HEATHMONT,Q3 2019,852000
PARADISE BEACH,Q3 2019,212000
SKIPTON,Q3 2019,146000
AIREYS INLET,Q3 2019,700000
NEWINGTON,Q3 2019,485000
BENTLEIGH,Q3 2019,1376000
LINTON,Q3 2019,310000
MELTON SOUTH,Q3 2019,380900
THORNBURY,Q3 2019,1115000
KEW,Q3 2019,2200000
KIALLA,Q3 2019,453800
MICKLEHAM,Q3 2019,530000
RINGWOOD NORTH,Q3 2019,865000
WALLAN,Q3 2019,489900
LAKE GARDENS,Q3 2019,570000
ARDEER,Q3 2019,575000
MERINDA PARK,Q3 2019,473500
ALPHINGTON,Q3 2019,1700000
PASCOE VALE,Q3 2019,847000
HARCOURT,Q3 2019,300000
NHILL,Q3 2019,96500
CLAYTON SOUTH,Q4 2019,880000
DANDENONG,Q4 2019,623500
MERNDA,Q4 2019,560000
WARBURTON,Q4 2019,500000
ATTWOOD,Q4 2019,632000
SYNDAL,Q4 2019,1579500
FAWKNER,Q4 2019,702000
SOMERVILLE,Q4 2019,600000
STRATFORD,Q4 2019,302500
BANNOCKBURN,Q4 2019,547500
CHELTENHAM EAST,Q4 2019,955500
EAGLEMONT,Q4 2019,1630000
LEOPOLD,Q4 2019,520000
AVONDALE HEIGHTS,Q4 2019,856000
DIAMOND CREEK,Q4 2019,741800
WARRANWOOD,Q4 2019,893300
CALIFORNIA GULLY,Q4 2019,290800
CRANBOURNE,Q4 2019,501000
ECHUCA,Q4 2019,370000
BRAYBROOK,Q4 2019,669000
SPOTSWOOD,Q4 2019,1020000
TOORADIN,Q4 2019,745000
KEYSBOROUGH,Q4 2019,747500
MCKENZIE HILL,Q4 2019,520000
WERRIBEE,Q4 2019,510000
BERWICK,Q4 2019,675000
KEILOR PARK,Q4 2019,750000
VERMONT,Q4 2019,1016500
CROYDON NORTH,Q4 2019,864000
GLADSTONE PARK,Q4 2019,650000
BONBEACH,Q4 2019,908000
HEIDELBERG WEST,Q4 2019,662300
TONGALA,Q4 2019,247500
FOOTSCRAY,Q4 2019,883500
JUNCTION VILLAGE,Q4 2019,535000
ROCHESTER,Q4 2019,255000
FLEMINGTON,Q4 2019,1019500
KILLARA (WODONGA),Q4 2019,430000
ST KILDA EAST,Q4 2019,1565000
TALLANGATTA,Q4 2019,260000
ALTONA EAST,Q4 2019,855000
SANDHURST,Q4 2019,887500
BLACKBURN NORTH,Q4 2019,1152000
OUYEN,Q4 2019,75000
BANDIANA,Q4 2019,400300
BELLFIELD (BANYULE),Q4 2019,750000
MARIBYRNONG,Q4 2019,1150000
MALVERN,Q4 2019,2725000
NORTH MELBOURNE,Q4 2019,1510000
MALVERN EAST,Q4 2019,1787500
BURWOOD EAST,Q4 2019,1106000
BALWYN,Q4 2019,2408000
SMITHS BEACH,Q4 2019,595000
KINGSVILLE,Q4 2019,998000
LOVELY BANKS,Q4 2019,533100
BALLAN,Q4 2019,451000
HEATHERTON,Q4 2019,1000000
VERMONT SOUTH,Q4 2019,1260000
DONVALE,Q4 2019,1199000
NERRINA,Q4 2019,440000
SOUTH KINGSVILLE,Q4 2019,859000
RAINBOW,Q4 2019,67000
CREMORNE,Q4 2019,1299500
MERBEIN,Q4 2019,210000
PEARCEDALE,Q4 2019,700000
PORT ALBERT,Q4 2019,219000
BEVERIDGE,Q4 2019,550000
PARKVILLE,Q4 2019,2300000
BRIGHT,Q4 2019,575000
LUCKNOW,Q4 2019,265000
BOX HILL,Q4 2019,1552500
BROOKLYN,Q4 2019,675000
CHEWTON,Q4 2019,532500
NIDDRIE,Q4 2019,1050000
INGLEWOOD,Q4 2019,185000
KOO WEE RUP,Q4 2019,547500
WAHGUNYAH,Q4 2019,350000
GOWANBRAE,Q4 2019,750000
CLIFTON HILL,Q4 2019,1553000
GREEN LAKE,Q4 2019,195000
KANIVA,Q4 2019,177000
ORBOST,Q4 2019,180000
CARRUM,Q4 2019,750000
DUNOLLY,Q4 2019,158800
ST KILDA WEST,Q4 2019,1737000
ELMORE,Q4 2019,210500
WEDDERBURN,Q4 2019,135300
BIRREGURRA,Q4 2019,423000
SOUTH YARRA,Q4 2019,1665500
BOX HILL SOUTH,Q4 2019,1283400
CANTERBURY,Q4 2019,3100000
WYCHEPROOF,Q4 2019,100000
SELBY,Q4 2019,597500
CAROLINE SPRINGS,Q4 2019,652500
DONCASTER,Q4 2019,1300000
MOOROOPNA,Q4 2019,231800
POINT COOK,Q4 2019,650000
BURWOOD,Q4 2019,1200000
HAMPTON EAST,Q4 2019,1255000
STRATHTULLOH,Q4 2019,540000
TARNEIT,Q4 2019,560000
WESTMEADOWS,Q4 2019,622500
SCORESBY,Q4 2019,863100
MITCHAM,Q4 2019,1040000
NEW GISBORNE,Q4 2019,717500
WOLLERT,Q4 2019,577000
HAMLYN HEIGHTS,Q4 2019,550500
FOREST HILL,Q4 2019,925000
PLENTY,Q4 2019,1301000
THE BASIN,Q4 2019,695000
SURREY HILLS,Q4 2019,1960000
SEA LAKE,Q4 2019,97500
CAPE PATERSON,Q4 2019,557500
ST KILDA,Q4 2019,3017500
COBRAM,Q4 2019,275000
ARMADALE,Q4 2019,2825000
CAULFIELD NORTH,Q4 2019,2625000
LORNE,Q4 2019,1450000
CHELTENHAM NORTH,Q4 2019,1036000
BOOLARRA,Q4 2019,283500
OMEO,Q4 2019,242500
DUNKELD,Q4 2019,172500
BLACK HILL,Q4 2019,515000
ROCKBANK,Q4 2019,443000
SURF BEACH,Q4 2019,496000
CLAYTON NORTH,Q4 2019,1644000
ALBERT PARK,Q4 2019,2220000
WEST MELBOURNE,Q4 2019,1640500
STRATHMERTON,Q4 2019,162500
LAKE TYERS BEACH,Q4 2019,357500
THE PATCH,Q4 2019,990000
TEMPLESTOWE,Q4 2019,1320000
BURNSIDE HEIGHTS,Q4 2019,595000
COWES,Q4 2019,605000
HORSHAM,Q4 2019,265000
SKYE,Q4 2019,610000
MAIDSTONE,Q4 2019,839000
SORRENTO,Q4 2019,1440000
TRUGANINA,Q4 2019,570800
WEIR VIEWS,Q4 2019,430000
BOX HILL NORTH,Q4 2019,1265000
HARKNESS,Q4 2019,480000
PASCOE VALE SOUTH,Q4 2019,1130000
MOUNT WAVERLEY,Q4 2019,1329300
EUMEMMERRING,Q4 2019,520000
LAKE BOGA,Q4 2019,135000
MIDDLE PARK,Q4 2019,3100000
HIGHETT,Q4 2019,1333800
LAKE WENDOUREE,Q4 2019,855000
PORTSEA,Q4 2019,1860000
CASTERTON,Q4 2019,122500
CAULFIELD EAST,Q4 2019,1372500
TRAVANCORE,Q4 2019,1250000
INDENTED HEAD,Q4 2019,615500
GLEN HUNTLY,Q4 2019,1440000
SEASPRAY,Q4 2019,345000
MALLACOOTA,Q4 2019,305000
VIOLET TOWN,Q4 2019,306400
MONT ALBERT NORTH,Q4 2019,1551000
AIRPORT WEST,Q4 2019,851000
GRANTVILLE,Q4 2019,460000
KINGLAKE,Q4 2019,550000
LOWER PLENTY,Q4 2019,950000
CHELTENHAM,Q4 2019,1175000
PARK ORCHARDS,Q4 2019,1835000
BAYSWATER,Q4 2019,800000
EYNESBURY,Q4 2019,578000
YARRAVILLE,Q4 2019,986000
PRINCES HILL,Q4 2019,2212500
FIVEWAYS,Q4 2019,637000
KEILOR EAST,Q4 2019,815000
KEW NORTH,Q4 2019,1770000
HEATHCOTE,Q4 2019,320000
KEALBA,Q4 2019,598000
ASHBURTON,Q4 2019,1722500
BENTLEIGH EAST,Q4 2019,1250000
MITCHELL PARK,Q4 2019,305000
JEERALANG NORTH,Q4 2019,242500
KILSYTH,Q4 2019,677500
KNOXFIELD,Q4 2019,784500
MOORABBIN,Q4 2019,1177500
WANDIN NORTH,Q4 2019,630000
GLENROWAN,Q4 2019,372500
YALLAMBIE,Q4 2019,878000
CLUNES,Q4 2019,372500
MOUNT MARTHA,Q4 2019,1510000
KALLISTA,Q4 2019,630000
MELTON,Q4 2019,385000
BURNSIDE,Q4 2019,616000
MOONEE PONDS,Q4 2019,1351000
WAURN PONDS,Q4 2019,650000
BALACLAVA,Q4 2019,1361000
RUPANYUP,Q4 2019,85000
BRUNSWICK EAST,Q4 2019,992800
EASTWOOD,Q4 2019,410000
LENEVA,Q4 2019,420500
SAN REMO,Q4 2019,475000
MULGRAVE,Q4 2019,861000
OAK PARK,Q4 2019,926000
RIDDELLS CREEK,Q4 2019,662500
SEAHOLME,Q4 2019,1100000
PARKDALE,Q4 2019,1285000
TRARALGON EAST,Q4 2019,430000
CAULFIELD,Q4 2019,1811000
WANTIRNA,Q4 2019,877500
COONGULLA,Q4 2019,355800
SUNSHINE WEST,Q4 2019,655000
CLAYTON,Q4 2019,1166000
CRANBOURNE SOUTH,Q4 2019,636800
YARRAGON,Q4 2019,430000
BRUNSWICK,Q4 2019,1155000
EUREKA,Q4 2019,371500
BALLARAT NORTH,Q4 2019,457500
WANTIRNA SOUTH,Q4 2019,1050000
WINDSOR,Q4 2019,1670000
ALTONA,Q4 2019,941000
BUNDOORA,Q4 2019,770000
CAMBERWELL,Q4 2019,2295000
MOUNT MACEDON,Q4 2019,850000
BULLEEN,Q4 2019,1210000
IRYMPLE,Q4 2019,393000
OAKLEIGH EAST,Q4 2019,959000
KEILOR,Q4 2019,875000
CORRYONG,Q4 2019,241000
HEYWOOD,Q4 2019,162500
ESSENDON,Q4 2019,1550000
MCKINNON,Q4 2019,1525000
ELTHAM,Q4 2019,982500
DONALD,Q4 2019,105000
WESTGARTH,Q4 2019,1472500
MORDIALLOC,Q4 2019,1022500
DARLEY,Q4 2019,555000
DERRIMUT,Q4 2019,680000
MOUNT CLEAR,Q4 2019,407500
ALTONA MEADOWS,Q4 2019,612500
ASHWOOD,Q4 2019,1219400
DUNNSTOWN,Q4 2019,607500
LANGWARRIN,Q4 2019,631500
NELSON,Q4 2019,305000
RINGWOOD,Q4 2019,813500
BARANDUDA,Q4 2019,407500
FRANKSTON NORTH,Q4 2019,430800
CRANBOURNE NORTH,Q4 2019,570000
CROYDON SOUTH,Q4 2019,750000
MILLGROVE,Q4 2019,425000
COBBLEBANK,Q4 2019,524000
TOOTGAROOK,Q4 2019,582000
TULLAMARINE,Q4 2019,619000
CARLTON NORTH,Q4 2019,1816000
KALKALLO,Q4 2019,564000
BEAUMARIS,Q4 2019,1637500
GOLDEN POINT (BALLARAT),Q4 2019,352500
NORTHCOTE,Q4 2019,1465000
CLYDE NORTH,Q4 2019,605000
RESERVOIR,Q4 2019,795000
WONTHAGGI,Q4 2019,401500
GLEN WAVERLEY,Q4 2019,1339800
SPRINGVALE,Q4 2019,762000
TYABB,Q4 2019,635000
YARRA JUNCTION,Q4 2019,580000
TOORA,Q4 2019,310000
ALBANVALE,Q4 2019,517000
BEECHWORTH,Q4 2019,499000
MANSFIELD,Q4 2019,440000
MEADOW HEIGHTS,Q4 2019,511000
NUNAWADING,Q4 2019,1044400
EMERALD,Q4 2019,700000
MINERS REST,Q4 2019,420000
JAN JUC,Q4 2019,870100
MACLEOD,Q4 2019,920000
RICHMOND,Q4 2019,1335000
BORONIA,Q4 2019,730000
COLDSTREAM,Q4 2019,645000
NORTH WONTHAGGI,Q4 2019,357000
BELL PARK,Q4 2019,480000
FRANKSTON SOUTH,Q4 2019,841500
NARRE WARREN,Q4 2019,620000
QUEENSCLIFF,Q4 2019,1105000
NUMURKAH,Q4 2019,230000
ROWVILLE,Q4 2019,860000
ST ALBANS,Q4 2019,630000
PORTLAND,Q4 2019,282000
ROSANNA,Q4 2019,1126000
SEVILLE,Q4 2019,717500
CARRUM DOWNS,Q4 2019,544600
MAIDEN GULLY,Q4 2019,505000
BELMONT,Q4 2019,561000
HASTINGS,Q4 2019,512500
CANADIAN,Q4 2019,357000
EAGLEHAWK,Q4 2019,336000
ESSENDON WEST,Q4 2019,1320000
KORUMBURRA,Q4 2019,316300
LYNBROOK,Q4 2019,650000
LYSTERFIELD,Q4 2019,951400
WHITTLESEA,Q4 2019,601300
BRIGHTON,Q4 2019,2707500
IVANHOE,Q4 2019,1482500
SHEPPARTON NORTH,Q4 2019,534500
WINTER VALLEY,Q4 2019,440000
BRIAGOLONG,Q4 2019,300000
LARA,Q4 2019,484500
TORQUAY,Q4 2019,845000
MADDINGLEY,Q4 2019,440000
SILVERLEAVES,Q4 2019,575000
YARRA GLEN,Q4 2019,703000
BAYSWATER NORTH,Q4 2019,695600
COCKATOO,Q4 2019,660000
FLOWERDALE,Q4 2019,405000
KILMORE,Q4 2019,435000
SOLDIERS HILL,Q4 2019,479000
BRIGHTON EAST,Q4 2019,1762500
GLEN IRIS,Q4 2019,2094000
ESSENDON NORTH,Q4 2019,1100000
CORIO,Q4 2019,374800
BROADMEADOWS,Q4 2019,562700
PIONEER BAY,Q4 2019,295000
WARRNAMBOOL,Q4 2019,387000
CASTLEMAINE,Q4 2019,559000
SWAN HILL,Q4 2019,292500
ASCOT (GREATER BENDIGO),Q4 2019,415000
CAMPBELLS CREEK,Q4 2019,530000
CLARINDA,Q4 2019,846600
NEWLANDS ARM,Q4 2019,430500
CRESWICK,Q4 2019,365000
WHITTINGTON,Q4 2019,385000
PORT WELSHPOOL,Q4 2019,300000
BOTANIC RIDGE,Q4 2019,720600
THOMSON (GREATER GEELONG),Q4 2019,425000
SEYMOUR,Q4 2019,312500
COBURG,Q4 2019,1070000
HUNTLY,Q4 2019,367500
WALLAN EAST,Q4 2019,462000
COBURG EAST,Q4 2019,934000
OCEAN GROVE,Q4 2019,752500
WANGARATTA,Q4 2019,343000
LONG GULLY,Q4 2019,303500
MELTON WEST,Q4 2019,420000
FITZROY NORTH,Q4 2019,1450000
GISBORNE,Q4 2019,757500
CAMPBELLFIELD,Q4 2019,544000
CHELSEA,Q4 2019,960000
ROBINVALE,Q4 2019,220000
HALLS GAP,Q4 2019,320000
COOLAROO,Q4 2019,455000
COHUNA,Q4 2019,192500
DINNER PLAIN,Q4 2019,515000
PYRAMID HILL,Q4 2019,130000
BLAIRGOWRIE,Q4 2019,950000
POREPUNKAH,Q4 2019,467000
ELSTERNWICK,Q4 2019,1927500
JACKASS FLAT,Q4 2019,338500
METUNG,Q4 2019,390000
REDAN,Q4 2019,369000
ROSEBUD SOUTH,Q4 2019,730000
WOODEND,Q4 2019,717500
SALE,Q4 2019,329000
SEDDON,Q4 2019,960000
BARWON HEADS,Q4 2019,1027500
FINGAL,Q4 2019,1860000
GARFIELD,Q4 2019,530000
MONTMORENCY,Q4 2019,870000
COLAC,Q4 2019,315000
KENNINGTON,Q4 2019,374500
KERANG,Q4 2019,147000
SYDENHAM,Q4 2019,599500
GOLDEN SQUARE,Q4 2019,342500
DIGGERS REST,Q4 2019,567500
GEELONG,Q4 2019,658000
CARLTON,Q4 2019,1750000
MARYBOROUGH,Q4 2019,241000
RESEARCH,Q4 2019,1025000
TAYLORS HILL,Q4 2019,734500
CHARLEMONT,Q4 2019,495300
HAWTHORN EAST,Q4 2019,2250000
DELACOMBE,Q4 2019,395000
ORMOND,Q4 2019,1755000
ELWOOD,Q4 2019,1995000
PATTERSON GARDENS,Q4 2019,946000
MAFFRA,Q4 2019,274500
TATURA,Q4 2019,272500
NORTH BENDIGO,Q4 2019,315000
SOMERS,Q4 2019,1050000
BAXTER,Q4 2019,569000
EPSOM,Q4 2019,375000
DEEPDENE,Q4 2019,2880000
NEWBOROUGH,Q4 2019,247000
NARRE WARREN NORTH,Q4 2019,1064500
ABERFELDIE,Q4 2019,1650000
SANDY POINT,Q4 2019,445000
WARRACKNABEAL,Q4 2019,120000
BALLARAT EAST,Q4 2019,379000
BONSHAW,Q4 2019,348500
DAYLESFORD,Q4 2019,600000
WARNEET,Q4 2019,606000
HAMPTON,Q4 2019,1918000
GARDEN CITY,Q4 2019,1300000
DALYSTON,Q4 2019,410000
MIRBOO NORTH,Q4 2019,322500
ALEXANDRA,Q4 2019,325000
PRAHRAN,Q4 2019,1575000
KENSINGTON,Q4 2019,1180000
ASPENDALE GARDENS,Q4 2019,881500
BROADFORD,Q4 2019,445000
NEWTOWN (GREATER GEELONG),Q4 2019,906000
CRIB POINT,Q4 2019,502800
GREENVALE,Q4 2019,720000
CHIRNSIDE PARK,Q4 2019,675000
WILLIAMS LANDING,Q4 2019,700000
BIRCHIP,Q4 2019,130500
CROYDON,Q4 2019,780000
HOPPERS CROSSING,Q4 2019,525000
MORNINGTON,Q4 2019,872500
ALFREDTON,Q4 2019,485100
BLACKBURN SOUTH,Q4 2019,1180000
MILL PARK,Q4 2019,684000
SAFETY BEACH,Q4 2019,800000
WONGA PARK,Q4 2019,1685000
BALCOMBE,Q4 2019,1103000
DOREEN,Q4 2019,611000
WHITE HILLS,Q4 2019,360000
BALWYN NORTH,Q4 2019,1917400
DONCASTER EAST,Q4 2019,1267500
ELLIMINYT,Q4 2019,469000
NOBLE PARK,Q4 2019,655000
ROMSEY,Q4 2019,580300
WILLIAMSTOWN,Q4 2019,1405000
GOLDEN BEACH,Q4 2019,220000
COWES WEST,Q4 2019,475000
MOUNT EVELYN,Q4 2019,666100
NEWSTEAD,Q4 2019,462500
BUNYIP,Q4 2019,558000
STAWELL,Q4 2019,197000
UPPER FERNTREE GULLY,Q4 2019,708000
WENDOUREE WEST,Q4 2019,282500
BROOKFIELD,Q4 2019,480000
HOPETOUN,Q4 2019,152000
BADGER CREEK,Q4 2019,498000
NICHOLS POINT,Q4 2019,465500
FOSTER,Q4 2019,330000
TOORAK,Q4 2019,5000000
GEMBROOK,Q4 2019,676000
KOROIT,Q4 2019,380000
CAMPERDOWN,Q4 2019,295300
COLERAINE,Q4 2019,165000
SANDRINGHAM,Q4 2019,1710000
ST ARNAUD,Q4 2019,195000
YINNAR,Q4 2019,223000
PORT MELBOURNE,Q4 2019,1680000
CAPE SCHANCK,Q4 2019,1010000
KYABRAM,Q4 2019,262500
MOUNT PLEASANT,Q4 2019,341500
PATTERSON LAKES,Q4 2019,1037500
WARRANDYTE,Q4 2019,1050000
ALTONA NORTH,Q4 2019,801000
SPRING GULLY,Q4 2019,382500
WATSONIA NORTH,Q4 2019,764000
WHEELERS HILL,Q4 2019,1138000
BALNARRING,Q4 2019,800000
PAYNESVILLE,Q4 2019,370000
WERRIBEE SOUTH,Q4 2019,760000
YALLOURN NORTH,Q4 2019,213000
CHADSTONE,Q4 2019,1190000
MURTOA,Q4 2019,125000
SASSAFRAS,Q4 2019,860500
MORWELL,Q4 2019,183000
ALBION,Q4 2019,737500
IRONBARK,Q4 2019,280000
QUARRY HILL,Q4 2019,390000
WOOLAMAI WATERS,Q4 2019,512500
BRUTHEN,Q4 2019,276500
PORTARLINGTON,Q4 2019,625000
WOORI YALLOCK,Q4 2019,570000
HERNE HILL,Q4 2019,532500
HAMILTON,Q4 2019,220000
CAULFIELD SOUTH,Q4 2019,1722500
BLACKWOOD,Q4 2019,405000
ARARAT,Q4 2019,227500
SMYTHESDALE,Q4 2019,290000
TAWONGA SOUTH,Q4 2019,382500
BENDIGO,Q4 2019,413000
ST HELENA,Q4 2019,1001000
AINTREE,Q4 2019,620400
BUNINYONG,Q4 2019,445000
COONANS HILL,Q4 2019,905000
YARRAWONGA,Q4 2019,389800
MACEDON,Q4 2019,718000
MOUNT DANDENONG,Q4 2019,820000
FERNY CREEK,Q4 2019,703500
KEILOR DOWNS,Q4 2019,690000
MOUNT BEAUTY,Q4 2019,290000
STRATHFIELDSAYE,Q4 2019,460000
GREENSBOROUGH,Q4 2019,825000
LAVERTON SOUTH,Q4 2019,650000
WESTALL,Q4 2019,761300
TEMPLESTOWE LOWER,Q4 2019,1200000
CAPEL SOUND,Q4 2019,500000
FITZROY,Q4 2019,1570000
MOUNT HELEN,Q4 2019,509000
WILLIAMSTOWN NORTH,Q4 2019,1520000
ANGLESEA,Q4 2019,1115000
BAIRNSDALE,Q4 2019,286000
BEACONSFIELD,Q4 2019,640000
COBURG NORTH,Q4 2019,825000
LANG LANG,Q4 2019,507000
NEWCOMB,Q4 2019,434000
CAIRNLEA,Q4 2019,730000
LOCH SPORT,Q4 2019,242500
MARONG,Q4 2019,375000
MARSHALL,Q4 2019,480000
PRESTON,Q4 2019,1043500
WEST WODONGA,Q4 2019,340000
CRANBOURNE EAST,Q4 2019,593000
LAVERTON,Q4 2019,508400
LEONGATHA,Q4 2019,360000
COLLINGWOOD,Q4 2019,1173000
MOUNT DUNEED,Q4 2019,607000
WATSONIA,Q4 2019,791000
WYNDHAM VALE,Q4 2019,485000
WARRAGUL,Q4 2019,473000
CHURCHILL,Q4 2019,192300
MONT ALBERT,Q4 2019,1655000
RED CLIFFS,Q4 2019,210200
WINCHELSEA,Q4 2019,438500
KILCUNDA,Q4 2019,567500
KALIMNA,Q4 2019,310000
LANCEFIELD,Q4 2019,545000
TOONGABBIE,Q4 2019,280300
NATHALIA,Q4 2019,225000
HAWTHORN,Q4 2019,2427500
KILSYTH SOUTH,Q4 2019,854000
NAGAMBIE,Q4 2019,430000
EAST BAIRNSDALE,Q4 2019,313000
FAIRFIELD,Q4 2019,1215000
KALORAMA,Q4 2019,695000
KINGSBURY,Q4 2019,697500
MYRTLEFORD,Q4 2019,332500
HUGHESDALE,Q4 2019,1308500
OAKLEIGH,Q4 2019,1135000
ASCOT VALE,Q4 2019,1030000
NEERIM SOUTH,Q4 2019,520000
DENNINGTON,Q4 2019,405000
JEPARIT,Q4 2019,79500
EAST GEELONG,Q4 2019,710000
GOUGHS BAY,Q4 2019,365000
VENTNOR,Q4 2019,530000
EILDON,Q4 2019,260000
RUTHERGLEN,Q4 2019,275000
EAGLE POINT,Q4 2019,425000
TRENTHAM,Q4 2019,615000
SHEPPARTON,Q4 2019,274000
HILLSIDE (MELTON),Q4 2019,650000
WANDANA HEIGHTS,Q4 2019,878000
LAUNCHING PLACE,Q4 2019,566300
UPWEY,Q4 2019,718000
ST LEONARDS,Q4 2019,572500
BREAKWATER,Q4 2019,405000
DEER PARK,Q4 2019,602500
ENDEAVOUR HILLS,Q4 2019,638000
MONTROSE,Q4 2019,735000
ROXBURGH PARK,Q4 2019,570000
CORONET BAY,Q4 2019,388800
FERNTREE GULLY,Q4 2019,765000
MANOR LAKES,Q4 2019,563500
MINYIP,Q4 2019,140000
NEWPORT,Q4 2019,1000000
SOUTH MORANG,Q4 2019,661000
BELGRAVE,Q4 2019,691000
BLIND BIGHT,Q4 2019,555000
DRYSDALE,Q4 2019,636300
SEBASTOPOL,Q4 2019,320000
THOMASTOWN,Q4 2019,615000
FRANKSTON,Q4 2019,600000
KANGAROO FLAT,Q4 2019,350000
LAKES ENTRANCE,Q4 2019,336500
SUNDERLAND BAY,Q4 2019,412000
TERANG,Q4 2019,172000
HEYFIELD,Q4 2019,183500
MCCRAE,Q4 2019,815000
DONNYBROOK,Q4 2019,540000
BEAUFORT,Q4 2019,238500
RAYMOND ISLAND,Q4 2019,365000
EUROA,Q4 2019,338000
RUSHWORTH,Q4 2019,258000
LISMORE,Q4 2019,87000
NYAH WEST,Q4 2019,97000
MOE,Q4 2019,241300
AVOCA,Q4 2019,230000
GORDON,Q4 2019,630000
TIMBOON,Q4 2019,260000
BALLARAT CENTRAL,Q4 2019,522500
DANDENONG NORTH,Q4 2019,637500
HAMPTON PARK,Q4 2019,510000
PORT FAIRY,Q4 2019,650000
EAST BENDIGO,Q4 2019,409300
KYNETON,Q4 2019,622500
HASTINGS WEST,Q4 2019,450000
HEIDELBERG HEIGHTS,Q4 2019,770000
KINGS PARK,Q4 2019,522500
MOUNT ELIZA,Q4 2019,1213800
ST ALBANS PARK,Q4 2019,432500
YEA,Q4 2019,420000
SUNBURY,Q4 2019,560000
TAYLORS LAKES,Q4 2019,765000
BACCHUS MARSH,Q4 2019,505000
HALLAM,Q4 2019,577500
BRUNSWICK WEST,Q4 2019,1140000
HEPBURN SPRINGS,Q4 2019,570000
MENTONE,Q4 2019,1145000
MURCHISON,Q4 2019,253500
PETERBOROUGH,Q4 2019,825000
FRASER RISE,Q4 2019,640000
MONBULK,Q4 2019,663000
EDITHVALE,Q4 2019,1055000
JACANA,Q4 2019,517500
BLACKBURN,Q4 2019,1380000
DROUIN,Q4 2019,451300
MURRUMBEENA,Q4 2019,1401300
SUNSHINE,Q4 2019,770000
THE HONEYSUCKLES,Q4 2019,350000
COBDEN,Q4 2019,300000
MANIFOLD HEIGHTS,Q4 2019,752500
KOONDROOK,Q4 2019,231300
EDENHOPE,Q4 2019,162800
ST ANDREWS BEACH,Q4 2019,937500
MORTLAKE,Q4 2019,165000
AVENEL,Q4 2019,370000
SOUTH GEELONG,Q4 2019,691500
DIMBOOLA,Q4 2019,93000
ARMSTRONG CREEK,Q4 2019,527500
STRATHDALE,Q4 2019,490000
WURRUK,Q4 2019,245000
CRANBOURNE WEST,Q4 2019,530000
LONGWARRY,Q4 2019,442500
MOOROOLBARK,Q4 2019,735000
RYE,Q4 2019,685000
SEAFORD,Q4 2019,685000
MILDURA,Q4 2019,335100
CHARLTON,Q4 2019,135000
GEELONG WEST,Q4 2019,688000
OSBORNE,Q4 2019,830000
SUNSET STRIP,Q4 2019,475800
RINGWOOD EAST,Q4 2019,885000
SANCTUARY LAKES,Q4 2019,638000
VIEWBANK,Q4 2019,998000
SPRINGVALE SOUTH,Q4 2019,720000
STRATHMORE,Q4 2019,1500000
SUNSHINE NORTH,Q4 2019,677500
APOLLO BAY,Q4 2019,545000
NOBLE PARK NORTH,Q4 2019,660000
NORLANE,Q4 2019,350000
TRAFALGAR,Q4 2019,382500
HIGHTON,Q4 2019,692500
WEST FOOTSCRAY,Q4 2019,868000
FAIRHAVEN,Q4 2019,1395000
OLINDA,Q4 2019,815000
IVANHOE EAST,Q4 2019,2044000
KANGAROO GROUND SOUTH,Q4 2019,970000
BROWN HILL,Q4 2019,467500
CURLEWIS,Q4 2019,570000
DINGLEY VILLAGE,Q4 2019,890000
NORTH GEELONG,Q4 2019,548000
PAKENHAM,Q4 2019,503800
BRIAR HILL,Q4 2019,868000
MALDON,Q4 2019,532500
POINT LONSDALE,Q4 2019,845000
DROMANA,Q4 2019,655500
LYNDHURST,Q4 2019,707500
CARNEGIE,Q4 2019,1507500
HADFIELD,Q4 2019,750000
LARA LAKE,Q4 2019,550500
DALLAS,Q4 2019,460000
HURSTBRIDGE,Q4 2019,740500
JUNORTOUN,Q4 2019,537500
SEVILLE EAST,Q4 2019,582000
WATTLE GLEN,Q4 2019,755000
KURUNJANG,Q4 2019,429000
WY YUNG,Q4 2019,311000
YARRAM,Q4 2019,249800
OFFICER,Q4 2019,554000
GLENROY,Q4 2019,747500
INVERMAY PARK,Q4 2019,500000
TRARALGON,Q4 2019,340800
WODONGA,Q4 2019,353500
CROYDON HILLS,Q4 2019,868000
HEALESVILLE,Q4 2019,613000
LUCAS,Q4 2019,465000
CHILTERN,Q4 2019,221500
ROSEDALE,Q4 2019,215000
FLINDERS,Q4 2019,1415000
CORINELLA,Q4 2019,345000
ASPENDALE,Q4 2019,963000
CRAIGIEBURN,Q4 2019,539000
FLORA HILL,Q4 2019,385000
SEABROOK,Q4 2019,673000
SOUTH MELBOURNE,Q4 2019,1720000
VENUS BAY,Q4 2019,342500
BENALLA,Q4 2019,292000
HEIDELBERG,Q4 2019,1305000
WIMBLEDON HEIGHTS,Q4 2019,447500
CLYDE,Q4 2019,582000
INVERLOCH,Q4 2019,625000
DELAHEY,Q4 2019,590000
HEPBURN,Q4 2019,450000
OAKLEIGH SOUTH,Q4 2019,1112500
THORNHILL PARK,Q4 2019,552500
CHELSEA HEIGHTS,Q4 2019,790400
NARRE WARREN SOUTH,Q4 2019,636800
WENDOUREE,Q4 2019,350000
ABBOTSFORD,Q4 2019,1027500
LALOR,Q4 2019,627000
TECOMA,Q4 2019,797500
BELL POST HILL,Q4 2019,476000
BITTERN,Q4 2019,605000
CLIFTON SPRINGS,Q4 2019,489000
ELTHAM NORTH,Q4 2019,930000
EPPING,Q4 2019,580000
LILYDALE,Q4 2019,700000
BLACK ROCK,Q4 2019,1727500
RHYLL,Q4 2019,875000
ROSEBUD,Q4 2019,560000
DOVETON,Q4 2019,485000
GROVEDALE,Q4 2019,530000
HEATHMONT,Q4 2019,915000
PARADISE BEACH,Q4 2019,235000
SKIPTON,Q4 2019,205000
AIREYS INLET,Q4 2019,1400000
NEWINGTON,Q4 2019,516300
BENTLEIGH,Q4 2019,1411000
LINTON,Q4 2019,433800
MELTON SOUTH,Q4 2019,391000
THORNBURY,Q4 2019,1250000
KEW,Q4 2019,2700000
KIALLA,Q4 2019,470000
MICKLEHAM,Q4 2019,545000
RINGWOOD NORTH,Q4 2019,928000
WALLAN,Q4 2019,485000
LAKE GARDENS,Q4 2019,517500
ARDEER,Q4 2019,572000
MERINDA PARK,Q4 2019,508000
ALPHINGTON,Q4 2019,1717500
PASCOE VALE,Q4 2019,872500
HARCOURT,Q4 2019,417500
NHILL,Q4 2019,109500
CLAYTON SOUTH,Q1 2020,800000
DANDENONG,Q1 2020,630000
MERNDA,Q1 2020,553000
WARBURTON,Q1 2020,552500
ATTWOOD,Q1 2020,680000
SYNDAL,Q1 2020,1570000
FAWKNER,Q1 2020,708300
SOMERVILLE,Q1 2020,606000
STRATFORD,Q1 2020,318500
BANNOCKBURN,Q1 2020,567500
CHELTENHAM EAST,Q1 2020,1038000
EAGLEMONT,Q1 2020,1875000
LEOPOLD,Q1 2020,535000
AVONDALE HEIGHTS,Q1 2020,843800
DIAMOND CREEK,Q1 2020,762200
WARRANWOOD,Q1 2020,940000
CALIFORNIA GULLY,Q1 2020,318000
CRANBOURNE,Q1 2020,518800
ECHUCA,Q1 2020,382000
BRAYBROOK,Q1 2020,705000
SPOTSWOOD,Q1 2020,1135000
TOORADIN,Q1 2020,665000
KEYSBOROUGH,Q1 2020,773500
MCKENZIE HILL,Q1 2020,537500
WERRIBEE,Q1 2020,515000
BERWICK,Q1 2020,715500
KEILOR PARK,Q1 2020,737500
VERMONT,Q1 2020,1122500
CROYDON NORTH,Q1 2020,902500
GLADSTONE PARK,Q1 2020,650000
BONBEACH,Q1 2020,965000
HEIDELBERG WEST,Q1 2020,795000
TONGALA,Q1 2020,212500
FOOTSCRAY,Q1 2020,970000
JUNCTION VILLAGE,Q1 2020,467500
ROCHESTER,Q1 2020,235000
FLEMINGTON,Q1 2020,1017000
KILLARA (WODONGA),Q1 2020,421000
ST KILDA EAST,Q1 2020,1679500
TALLANGATTA,Q1 2020,325000
ALTONA EAST,Q1 2020,802500
SANDHURST,Q1 2020,790000
BLACKBURN NORTH,Q1 2020,1090000
OUYEN,Q1 2020,143800
BANDIANA,Q1 2020,369000
BELLFIELD (BANYULE),Q1 2020,735000
MARIBYRNONG,Q1 2020,1035000
MALVERN,Q1 2020,2520000
NORTH MELBOURNE,Q1 2020,1120000
MALVERN EAST,Q1 2020,1700000
BURWOOD EAST,Q1 2020,1088000
BALWYN,Q1 2020,2267500
SMITHS BEACH,Q1 2020,560000
KINGSVILLE,Q1 2020,923500
LOVELY BANKS,Q1 2020,563000
BALLAN,Q1 2020,534500
HEATHERTON,Q1 2020,865000
VERMONT SOUTH,Q1 2020,1210000
DONVALE,Q1 2020,1150000
NERRINA,Q1 2020,625000
SOUTH KINGSVILLE,Q1 2020,975000
RAINBOW,Q1 2020,77500
CREMORNE,Q1 2020,1472500
MERBEIN,Q1 2020,198300
PEARCEDALE,Q1 2020,705000
PORT ALBERT,Q1 2020,461000
BEVERIDGE,Q1 2020,600000
PARKVILLE,Q1 2020,1690000
BRIGHT,Q1 2020,645000
LUCKNOW,Q1 2020,435000
BOX HILL,Q1 2020,1613000
BROOKLYN,Q1 2020,617500
CHEWTON,Q1 2020,576000
NIDDRIE,Q1 2020,876300
INGLEWOOD,Q1 2020,275000
KOO WEE RUP,Q1 2020,510000
WAHGUNYAH,Q1 2020,395000
GOWANBRAE,Q1 2020,764000
CLIFTON HILL,Q1 2020,1538500
GREEN LAKE,Q1 2020,375000
KANIVA,Q1 2020,137500
ORBOST,Q1 2020,177500
CARRUM,Q1 2020,900000
DUNOLLY,Q1 2020,209000
ST KILDA WEST,Q1 2020,2450000
ELMORE,Q1 2020,235000
WEDDERBURN,Q1 2020,135300
BIRREGURRA,Q1 2020,465000
SOUTH YARRA,Q1 2020,2068800
BOX HILL SOUTH,Q1 2020,1370000
CANTERBURY,Q1 2020,2625000
WYCHEPROOF,Q1 2020,132500
SELBY,Q1 2020,705000
CAROLINE SPRINGS,Q1 2020,655000
DONCASTER,Q1 2020,1326300
MOOROOPNA,Q1 2020,270000
POINT COOK,Q1 2020,660000
BURWOOD,Q1 2020,1302500
HAMPTON EAST,Q1 2020,1330000
STRATHTULLOH,Q1 2020,470000
TARNEIT,Q1 2020,554000
WESTMEADOWS,Q1 2020,560000
SCORESBY,Q1 2020,790000
MITCHAM,Q1 2020,1092500
NEW GISBORNE,Q1 2020,682500
WOLLERT,Q1 2020,599500
HAMLYN HEIGHTS,Q1 2020,560000
FOREST HILL,Q1 2020,1075000
PLENTY,Q1 2020,1120000
THE BASIN,Q1 2020,778000
SURREY HILLS,Q1 2020,1898000
SEA LAKE,Q1 2020,121500
CAPE PATERSON,Q1 2020,657300
ST KILDA,Q1 2020,1771800
COBRAM,Q1 2020,304000
ARMADALE,Q1 2020,2320000
CAULFIELD NORTH,Q1 2020,2557500
LORNE,Q1 2020,1637500
CHELTENHAM NORTH,Q1 2020,950500
BOOLARRA,Q1 2020,283500
OMEO,Q1 2020,238000
DUNKELD,Q1 2020,267500
BLACK HILL,Q1 2020,420000
ROCKBANK,Q1 2020,480000
SURF BEACH,Q1 2020,492000
CLAYTON NORTH,Q1 2020,1655000
ALBERT PARK,Q1 2020,2040000
WEST MELBOURNE,Q1 2020,1350000
STRATHMERTON,Q1 2020,162500
LAKE TYERS BEACH,Q1 2020,351000
THE PATCH,Q1 2020,990000
TEMPLESTOWE,Q1 2020,1417500
BURNSIDE HEIGHTS,Q1 2020,618000
COWES,Q1 2020,542000
HORSHAM,Q1 2020,254000
SKYE,Q1 2020,608500
MAIDSTONE,Q1 2020,775000
SORRENTO,Q1 2020,1500000
TRUGANINA,Q1 2020,587000
WEIR VIEWS,Q1 2020,472500
BOX HILL NORTH,Q1 2020,1200000
HARKNESS,Q1 2020,470000
PASCOE VALE SOUTH,Q1 2020,957500
MOUNT WAVERLEY,Q1 2020,1313000
EUMEMMERRING,Q1 2020,556500
LAKE BOGA,Q1 2020,211500
MIDDLE PARK,Q1 2020,3032500
HIGHETT,Q1 2020,1300000
LAKE WENDOUREE,Q1 2020,1200000
PORTSEA,Q1 2020,2570000
CASTERTON,Q1 2020,161500
CAULFIELD EAST,Q1 2020,1748500
TRAVANCORE,Q1 2020,1250000
INDENTED HEAD,Q1 2020,605000
GLEN HUNTLY,Q1 2020,1350500
SEASPRAY,Q1 2020,443000
MALLACOOTA,Q1 2020,415000
VIOLET TOWN,Q1 2020,279000
MONT ALBERT NORTH,Q1 2020,1577500
AIRPORT WEST,Q1 2020,832500
GRANTVILLE,Q1 2020,452500
KINGLAKE,Q1 2020,620000
LOWER PLENTY,Q1 2020,1311500
CHELTENHAM,Q1 2020,1170000
PARK ORCHARDS,Q1 2020,1570000
BAYSWATER,Q1 2020,757500
EYNESBURY,Q1 2020,547000
YARRAVILLE,Q1 2020,952500
PRINCES HILL,Q1 2020,1332000
FIVEWAYS,Q1 2020,490000
KEILOR EAST,Q1 2020,834500
KEW NORTH,Q1 2020,2221500
HEATHCOTE,Q1 2020,370000
KEALBA,Q1 2020,600000
ASHBURTON,Q1 2020,1530000
BENTLEIGH EAST,Q1 2020,1260800
MITCHELL PARK,Q1 2020,325000
JEERALANG NORTH,Q1 2020,236500
KILSYTH,Q1 2020,693300
KNOXFIELD,Q1 2020,812400
MOORABBIN,Q1 2020,1177500
WANDIN NORTH,Q1 2020,721300
GLENROWAN,Q1 2020,372500
YALLAMBIE,Q1 2020,857000
CLUNES,Q1 2020,305000
MOUNT MARTHA,Q1 2020,1400000
KALLISTA,Q1 2020,563800
MELTON,Q1 2020,390000
BURNSIDE,Q1 2020,663000
MOONEE PONDS,Q1 2020,1300000
WAURN PONDS,Q1 2020,567500
BALACLAVA,Q1 2020,1436000
RUPANYUP,Q1 2020,140000
BRUNSWICK EAST,Q1 2020,1168500
EASTWOOD,Q1 2020,395000
LENEVA,Q1 2020,455000
SAN REMO,Q1 2020,596300
MULGRAVE,Q1 2020,850000
OAK PARK,Q1 2020,1005800
RIDDELLS CREEK,Q1 2020,685000
SEAHOLME,Q1 2020,960000
PARKDALE,Q1 2020,1201000
TRARALGON EAST,Q1 2020,454000
CAULFIELD,Q1 2020,2125000
WANTIRNA,Q1 2020,930000
COONGULLA,Q1 2020,310000
SUNSHINE WEST,Q1 2020,656300
CLAYTON,Q1 2020,1121000
CRANBOURNE SOUTH,Q1 2020,637900
YARRAGON,Q1 2020,425000
BRUNSWICK,Q1 2020,1208000
EUREKA,Q1 2020,315000
BALLARAT NORTH,Q1 2020,412500
WANTIRNA SOUTH,Q1 2020,1088000
WINDSOR,Q1 2020,1465000
ALTONA,Q1 2020,1010000
BUNDOORA,Q1 2020,767000
CAMBERWELL,Q1 2020,2022800
MOUNT MACEDON,Q1 2020,1035800
BULLEEN,Q1 2020,1250000
IRYMPLE,Q1 2020,315000
OAKLEIGH EAST,Q1 2020,967000
KEILOR,Q1 2020,800000
CORRYONG,Q1 2020,211500
HEYWOOD,Q1 2020,210000
ESSENDON,Q1 2020,1453500
MCKINNON,Q1 2020,1750000
ELTHAM,Q1 2020,915000
DONALD,Q1 2020,164000
WESTGARTH,Q1 2020,1441000
MORDIALLOC,Q1 2020,1162500
DARLEY,Q1 2020,535000
DERRIMUT,Q1 2020,630000
MOUNT CLEAR,Q1 2020,422500
ALTONA MEADOWS,Q1 2020,650000
ASHWOOD,Q1 2020,1156500
DUNNSTOWN,Q1 2020,549900
LANGWARRIN,Q1 2020,645000
NELSON,Q1 2020,247500
RINGWOOD,Q1 2020,937500
BARANDUDA,Q1 2020,449000
FRANKSTON NORTH,Q1 2020,455000
CRANBOURNE NORTH,Q1 2020,575000
CROYDON SOUTH,Q1 2020,762500
MILLGROVE,Q1 2020,430000
COBBLEBANK,Q1 2020,465000
TOOTGAROOK,Q1 2020,630500
TULLAMARINE,Q1 2020,675000
CARLTON NORTH,Q1 2020,1347500
KALKALLO,Q1 2020,545000
BEAUMARIS,Q1 2020,1690000
GOLDEN POINT (BALLARAT),Q1 2020,378500
NORTHCOTE,Q1 2020,1400000
CLYDE NORTH,Q1 2020,600000
RESERVOIR,Q1 2020,827000
WONTHAGGI,Q1 2020,385000
GLEN WAVERLEY,Q1 2020,1285000
SPRINGVALE,Q1 2020,813600
TYABB,Q1 2020,577000
YARRA JUNCTION,Q1 2020,540000
TOORA,Q1 2020,222500
ALBANVALE,Q1 2020,551500
BEECHWORTH,Q1 2020,480000
MANSFIELD,Q1 2020,440000
MEADOW HEIGHTS,Q1 2020,482500
NUNAWADING,Q1 2020,1170500
EMERALD,Q1 2020,742500
MINERS REST,Q1 2020,438000
JAN JUC,Q1 2020,933000
MACLEOD,Q1 2020,975000
RICHMOND,Q1 2020,1249500
BORONIA,Q1 2020,725000
COLDSTREAM,Q1 2020,656000
NORTH WONTHAGGI,Q1 2020,410000
BELL PARK,Q1 2020,500800
FRANKSTON SOUTH,Q1 2020,820000
NARRE WARREN,Q1 2020,602500
QUEENSCLIFF,Q1 2020,990000
NUMURKAH,Q1 2020,232000
ROWVILLE,Q1 2020,805000
ST ALBANS,Q1 2020,591500
PORTLAND,Q1 2020,317500
ROSANNA,Q1 2020,1105000
SEVILLE,Q1 2020,622800
CARRUM DOWNS,Q1 2020,575000
MAIDEN GULLY,Q1 2020,508800
BELMONT,Q1 2020,575500
HASTINGS,Q1 2020,555000
CANADIAN,Q1 2020,385100
EAGLEHAWK,Q1 2020,344800
ESSENDON WEST,Q1 2020,1378000
KORUMBURRA,Q1 2020,385000
LYNBROOK,Q1 2020,615000
LYSTERFIELD,Q1 2020,1145300
WHITTLESEA,Q1 2020,604500
BRIGHTON,Q1 2020,2964400
IVANHOE,Q1 2020,1565000
SHEPPARTON NORTH,Q1 2020,397000
WINTER VALLEY,Q1 2020,485000
BRIAGOLONG,Q1 2020,300000
LARA,Q1 2020,552500
TORQUAY,Q1 2020,815000
MADDINGLEY,Q1 2020,518000
SILVERLEAVES,Q1 2020,620000
YARRA GLEN,Q1 2020,755500
BAYSWATER NORTH,Q1 2020,759500
COCKATOO,Q1 2020,600000
FLOWERDALE,Q1 2020,420000
KILMORE,Q1 2020,476300
SOLDIERS HILL,Q1 2020,554000
BRIGHTON EAST,Q1 2020,1797500
GLEN IRIS,Q1 2020,2100000
ESSENDON NORTH,Q1 2020,1090000
CORIO,Q1 2020,367500
BROADMEADOWS,Q1 2020,566300
PIONEER BAY,Q1 2020,312500
WARRNAMBOOL,Q1 2020,393800
CASTLEMAINE,Q1 2020,562500
SWAN HILL,Q1 2020,315000
ASCOT (GREATER BENDIGO),Q1 2020,453800
CAMPBELLS CREEK,Q1 2020,442000
CLARINDA,Q1 2020,852500
NEWLANDS ARM,Q1 2020,422800
CRESWICK,Q1 2020,370000
WHITTINGTON,Q1 2020,412000
PORT WELSHPOOL,Q1 2020,330000
BOTANIC RIDGE,Q1 2020,726000
THOMSON (GREATER GEELONG),Q1 2020,419000
SEYMOUR,Q1 2020,310000
COBURG,Q1 2020,1132500
HUNTLY,Q1 2020,372500
WALLAN EAST,Q1 2020,470000
COBURG EAST,Q1 2020,943500
OCEAN GROVE,Q1 2020,711300
WANGARATTA,Q1 2020,330100
LONG GULLY,Q1 2020,271000
MELTON WEST,Q1 2020,470000
FITZROY NORTH,Q1 2020,1672500
GISBORNE,Q1 2020,782000
CAMPBELLFIELD,Q1 2020,530000
CHELSEA,Q1 2020,880000
ROBINVALE,Q1 2020,196000
HALLS GAP,Q1 2020,397500
COOLAROO,Q1 2020,480000
COHUNA,Q1 2020,193000
DINNER PLAIN,Q1 2020,452500
PYRAMID HILL,Q1 2020,115000
BLAIRGOWRIE,Q1 2020,937500
POREPUNKAH,Q1 2020,467500
ELSTERNWICK,Q1 2020,2375000
JACKASS FLAT,Q1 2020,415000
METUNG,Q1 2020,450000
REDAN,Q1 2020,357500
ROSEBUD SOUTH,Q1 2020,865000
WOODEND,Q1 2020,661300
SALE,Q1 2020,345000
SEDDON,Q1 2020,1100000
BARWON HEADS,Q1 2020,1390000
FINGAL,Q1 2020,991300
GARFIELD,Q1 2020,600000
MONTMORENCY,Q1 2020,904300
COLAC,Q1 2020,352500
KENNINGTON,Q1 2020,411000
KERANG,Q1 2020,160000
SYDENHAM,Q1 2020,600500
GOLDEN SQUARE,Q1 2020,365000
DIGGERS REST,Q1 2020,530000
GEELONG,Q1 2020,795000
CARLTON,Q1 2020,1522500
MARYBOROUGH,Q1 2020,260000
RESEARCH,Q1 2020,1400000
TAYLORS HILL,Q1 2020,735000
CHARLEMONT,Q1 2020,540000
HAWTHORN EAST,Q1 2020,2177500
DELACOMBE,Q1 2020,365000
ORMOND,Q1 2020,1490000
ELWOOD,Q1 2020,1730000
PATTERSON GARDENS,Q1 2020,967500
MAFFRA,Q1 2020,274300
TATURA,Q1 2020,275000
NORTH BENDIGO,Q1 2020,360000
SOMERS,Q1 2020,880000
BAXTER,Q1 2020,541500
EPSOM,Q1 2020,410000
DEEPDENE,Q1 2020,5475000
NEWBOROUGH,Q1 2020,272500
NARRE WARREN NORTH,Q1 2020,1185000
ABERFELDIE,Q1 2020,1732500
SANDY POINT,Q1 2020,517500
WARRACKNABEAL,Q1 2020,142000
BALLARAT EAST,Q1 2020,375500
BONSHAW,Q1 2020,430000
DAYLESFORD,Q1 2020,665000
WARNEET,Q1 2020,625000
HAMPTON,Q1 2020,1855000
GARDEN CITY,Q1 2020,1387500
DALYSTON,Q1 2020,350000
MIRBOO NORTH,Q1 2020,312500
ALEXANDRA,Q1 2020,388500
PRAHRAN,Q1 2020,1513500
KENSINGTON,Q1 2020,1170000
ASPENDALE GARDENS,Q1 2020,925000
BROADFORD,Q1 2020,412500
NEWTOWN (GREATER GEELONG),Q1 2020,1002500
CRIB POINT,Q1 2020,577000
GREENVALE,Q1 2020,721000
CHIRNSIDE PARK,Q1 2020,760000
WILLIAMS LANDING,Q1 2020,687500
BIRCHIP,Q1 2020,102500
CROYDON,Q1 2020,767500
HOPPERS CROSSING,Q1 2020,535000
MORNINGTON,Q1 2020,895000
ALFREDTON,Q1 2020,500000
BLACKBURN SOUTH,Q1 2020,1170000
MILL PARK,Q1 2020,686000
SAFETY BEACH,Q1 2020,980000
WONGA PARK,Q1 2020,1038000
BALCOMBE,Q1 2020,1070000
DOREEN,Q1 2020,620000
WHITE HILLS,Q1 2020,318500
BALWYN NORTH,Q1 2020,2000100
DONCASTER EAST,Q1 2020,1270400
ELLIMINYT,Q1 2020,380000
NOBLE PARK,Q1 2020,649000
ROMSEY,Q1 2020,627500
WILLIAMSTOWN,Q1 2020,1510000
GOLDEN BEACH,Q1 2020,300000
COWES WEST,Q1 2020,488500
MOUNT EVELYN,Q1 2020,705000
NEWSTEAD,Q1 2020,419000
BUNYIP,Q1 2020,785000
STAWELL,Q1 2020,220000
UPPER FERNTREE GULLY,Q1 2020,691500
WENDOUREE WEST,Q1 2020,300000
BROOKFIELD,Q1 2020,512000
HOPETOUN,Q1 2020,160000
BADGER CREEK,Q1 2020,497500
NICHOLS POINT,Q1 2020,435000
FOSTER,Q1 2020,400000
TOORAK,Q1 2020,4500000
GEMBROOK,Q1 2020,630000
KOROIT,Q1 2020,360000
CAMPERDOWN,Q1 2020,250000
COLERAINE,Q1 2020,120000
SANDRINGHAM,Q1 2020,1790000
ST ARNAUD,Q1 2020,155000
YINNAR,Q1 2020,295000
PORT MELBOURNE,Q1 2020,1710000
CAPE SCHANCK,Q1 2020,1018500
KYABRAM,Q1 2020,267000
MOUNT PLEASANT,Q1 2020,415000
PATTERSON LAKES,Q1 2020,1300000
WARRANDYTE,Q1 2020,977500
ALTONA NORTH,Q1 2020,835000
SPRING GULLY,Q1 2020,381000
WATSONIA NORTH,Q1 2020,776800
WHEELERS HILL,Q1 2020,1138500
BALNARRING,Q1 2020,970000
PAYNESVILLE,Q1 2020,404000
WERRIBEE SOUTH,Q1 2020,590000
YALLOURN NORTH,Q1 2020,150000
CHADSTONE,Q1 2020,1182000
MURTOA,Q1 2020,140000
SASSAFRAS,Q1 2020,768000
MORWELL,Q1 2020,180000
ALBION,Q1 2020,765000
IRONBARK,Q1 2020,465500
QUARRY HILL,Q1 2020,369000
WOOLAMAI WATERS,Q1 2020,575000
BRUTHEN,Q1 2020,215000
PORTARLINGTON,Q1 2020,636300
WOORI YALLOCK,Q1 2020,552200
HERNE HILL,Q1 2020,542500
HAMILTON,Q1 2020,237500
CAULFIELD SOUTH,Q1 2020,1725000
BLACKWOOD,Q1 2020,405000
ARARAT,Q1 2020,234000
SMYTHESDALE,Q1 2020,420000
TAWONGA SOUTH,Q1 2020,375000
BENDIGO,Q1 2020,430000
ST HELENA,Q1 2020,990000
AINTREE,Q1 2020,675000
BUNINYONG,Q1 2020,572500
COONANS HILL,Q1 2020,985000
YARRAWONGA,Q1 2020,398000
MACEDON,Q1 2020,880000
MOUNT DANDENONG,Q1 2020,817000
FERNY CREEK,Q1 2020,920000
KEILOR DOWNS,Q1 2020,650500
MOUNT BEAUTY,Q1 2020,293500
STRATHFIELDSAYE,Q1 2020,542500
GREENSBOROUGH,Q1 2020,835000
LAVERTON SOUTH,Q1 2020,652500
WESTALL,Q1 2020,739000
TEMPLESTOWE LOWER,Q1 2020,1250000
CAPEL SOUND,Q1 2020,600000
FITZROY,Q1 2020,1340000
MOUNT HELEN,Q1 2020,450000
WILLIAMSTOWN NORTH,Q1 2020,1290000
ANGLESEA,Q1 2020,965000
BAIRNSDALE,Q1 2020,293800
BEACONSFIELD,Q1 2020,710000
COBURG NORTH,Q1 2020,915000
LANG LANG,Q1 2020,530000
NEWCOMB,Q1 2020,468000
CAIRNLEA,Q1 2020,807500
LOCH SPORT,Q1 2020,239500
MARONG,Q1 2020,375000
MARSHALL,Q1 2020,485000
PRESTON,Q1 2020,1026000
WEST WODONGA,Q1 2020,392500
CRANBOURNE EAST,Q1 2020,560000
LAVERTON,Q1 2020,560000
LEONGATHA,Q1 2020,395000
COLLINGWOOD,Q1 2020,1172500
MOUNT DUNEED,Q1 2020,570000
WATSONIA,Q1 2020,826000
WYNDHAM VALE,Q1 2020,470000
WARRAGUL,Q1 2020,485000
CHURCHILL,Q1 2020,197000
MONT ALBERT,Q1 2020,2050000
RED CLIFFS,Q1 2020,210000
WINCHELSEA,Q1 2020,471300
KILCUNDA,Q1 2020,662000
KALIMNA,Q1 2020,320000
LANCEFIELD,Q1 2020,510000
TOONGABBIE,Q1 2020,210000
NATHALIA,Q1 2020,240000
HAWTHORN,Q1 2020,2665000
KILSYTH SOUTH,Q1 2020,856500
NAGAMBIE,Q1 2020,457500
EAST BAIRNSDALE,Q1 2020,335000
FAIRFIELD,Q1 2020,1445000
KALORAMA,Q1 2020,609000
KINGSBURY,Q1 2020,729000
MYRTLEFORD,Q1 2020,351300
HUGHESDALE,Q1 2020,1457500
OAKLEIGH,Q1 2020,1200000
ASCOT VALE,Q1 2020,1205000
NEERIM SOUTH,Q1 2020,577500
DENNINGTON,Q1 2020,427300
JEPARIT,Q1 2020,90000
EAST GEELONG,Q1 2020,865000
GOUGHS BAY,Q1 2020,500000
VENTNOR,Q1 2020,535000
EILDON,Q1 2020,282500
RUTHERGLEN,Q1 2020,330000
EAGLE POINT,Q1 2020,370800
TRENTHAM,Q1 2020,592500
SHEPPARTON,Q1 2020,280000
HILLSIDE (MELTON),Q1 2020,671000
WANDANA HEIGHTS,Q1 2020,980000
LAUNCHING PLACE,Q1 2020,522500
UPWEY,Q1 2020,750000
ST LEONARDS,Q1 2020,520000
BREAKWATER,Q1 2020,405000
DEER PARK,Q1 2020,584500
ENDEAVOUR HILLS,Q1 2020,658300
MONTROSE,Q1 2020,720000
ROXBURGH PARK,Q1 2020,579000
CORONET BAY,Q1 2020,380000
FERNTREE GULLY,Q1 2020,758300
MANOR LAKES,Q1 2020,555000
MINYIP,Q1 2020,95000
NEWPORT,Q1 2020,1082500
SOUTH MORANG,Q1 2020,661000
BELGRAVE,Q1 2020,664100
BLIND BIGHT,Q1 2020,600000
DRYSDALE,Q1 2020,630000
SEBASTOPOL,Q1 2020,344500
THOMASTOWN,Q1 2020,632000
FRANKSTON,Q1 2020,618000
KANGAROO FLAT,Q1 2020,370000
LAKES ENTRANCE,Q1 2020,330000
SUNDERLAND BAY,Q1 2020,510800
TERANG,Q1 2020,203500
HEYFIELD,Q1 2020,207500
MCCRAE,Q1 2020,850000
DONNYBROOK,Q1 2020,622500
BEAUFORT,Q1 2020,294500
RAYMOND ISLAND,Q1 2020,650000
EUROA,Q1 2020,360000
RUSHWORTH,Q1 2020,185000
LISMORE,Q1 2020,237500
NYAH WEST,Q1 2020,120000
MOE,Q1 2020,235000
AVOCA,Q1 2020,265000
GORDON,Q1 2020,649500
TIMBOON,Q1 2020,405000
BALLARAT CENTRAL,Q1 2020,590000
DANDENONG NORTH,Q1 2020,651000
HAMPTON PARK,Q1 2020,525000
PORT FAIRY,Q1 2020,632500
EAST BENDIGO,Q1 2020,398500
KYNETON,Q1 2020,613800
HASTINGS WEST,Q1 2020,561000
HEIDELBERG HEIGHTS,Q1 2020,916000
KINGS PARK,Q1 2020,550000
MOUNT ELIZA,Q1 2020,1280000
ST ALBANS PARK,Q1 2020,447500
YEA,Q1 2020,395000
SUNBURY,Q1 2020,575000
TAYLORS LAKES,Q1 2020,770000
BACCHUS MARSH,Q1 2020,490000
HALLAM,Q1 2020,590000
BRUNSWICK WEST,Q1 2020,1120000
HEPBURN SPRINGS,Q1 2020,558800
MENTONE,Q1 2020,972500
MURCHISON,Q1 2020,275000
PETERBOROUGH,Q1 2020,650000
FRASER RISE,Q1 2020,635000
MONBULK,Q1 2020,633500
EDITHVALE,Q1 2020,1067500
JACANA,Q1 2020,587500
BLACKBURN,Q1 2020,1355500
DROUIN,Q1 2020,467500
MURRUMBEENA,Q1 2020,1495000
SUNSHINE,Q1 2020,819500
THE HONEYSUCKLES,Q1 2020,285000
COBDEN,Q1 2020,230000
MANIFOLD HEIGHTS,Q1 2020,1134500
KOONDROOK,Q1 2020,253800
EDENHOPE,Q1 2020,162800
ST ANDREWS BEACH,Q1 2020,992500
MORTLAKE,Q1 2020,185500
AVENEL,Q1 2020,445000
SOUTH GEELONG,Q1 2020,679000
DIMBOOLA,Q1 2020,157000
ARMSTRONG CREEK,Q1 2020,531000
STRATHDALE,Q1 2020,521000
WURRUK,Q1 2020,180000
CRANBOURNE WEST,Q1 2020,540000
LONGWARRY,Q1 2020,453000
MOOROOLBARK,Q1 2020,723000
RYE,Q1 2020,720000
SEAFORD,Q1 2020,690000
MILDURA,Q1 2020,315000
CHARLTON,Q1 2020,197500
GEELONG WEST,Q1 2020,770000
OSBORNE,Q1 2020,853000
SUNSET STRIP,Q1 2020,510500
RINGWOOD EAST,Q1 2020,925000
SANCTUARY LAKES,Q1 2020,620000
VIEWBANK,Q1 2020,985000
SPRINGVALE SOUTH,Q1 2020,712000
STRATHMORE,Q1 2020,1218000
SUNSHINE NORTH,Q1 2020,655000
APOLLO BAY,Q1 2020,730000
NOBLE PARK NORTH,Q1 2020,676000
NORLANE,Q1 2020,366500
TRAFALGAR,Q1 2020,410000
HIGHTON,Q1 2020,730000
WEST FOOTSCRAY,Q1 2020,840000
FAIRHAVEN,Q1 2020,1420000
OLINDA,Q1 2020,710000
IVANHOE EAST,Q1 2020,2145000
KANGAROO GROUND SOUTH,Q1 2020,1080000
BROWN HILL,Q1 2020,486000
CURLEWIS,Q1 2020,546000
DINGLEY VILLAGE,Q1 2020,940000
NORTH GEELONG,Q1 2020,682500
PAKENHAM,Q1 2020,530000
BRIAR HILL,Q1 2020,900000
MALDON,Q1 2020,424500
POINT LONSDALE,Q1 2020,995000
DROMANA,Q1 2020,725000
LYNDHURST,Q1 2020,695000
CARNEGIE,Q1 2020,1371000
HADFIELD,Q1 2020,730000
LARA LAKE,Q1 2020,560800
DALLAS,Q1 2020,480000
HURSTBRIDGE,Q1 2020,740000
JUNORTOUN,Q1 2020,590000
SEVILLE EAST,Q1 2020,598000
WATTLE GLEN,Q1 2020,765000
KURUNJANG,Q1 2020,425000
WY YUNG,Q1 2020,315000
YARRAM,Q1 2020,259000
OFFICER,Q1 2020,587500
GLENROY,Q1 2020,740000
INVERMAY PARK,Q1 2020,515000
TRARALGON,Q1 2020,319500
WODONGA,Q1 2020,359000
CROYDON HILLS,Q1 2020,955000
HEALESVILLE,Q1 2020,570000
LUCAS,Q1 2020,480000
CHILTERN,Q1 2020,311100
ROSEDALE,Q1 2020,218000
FLINDERS,Q1 2020,1653000
CORINELLA,Q1 2020,467500
ASPENDALE,Q1 2020,1187500
CRAIGIEBURN,Q1 2020,560800
FLORA HILL,Q1 2020,384500
SEABROOK,Q1 2020,655000
SOUTH MELBOURNE,Q1 2020,1550000
VENUS BAY,Q1 2020,350000
BENALLA,Q1 2020,298000
HEIDELBERG,Q1 2020,1325000
WIMBLEDON HEIGHTS,Q1 2020,405000
CLYDE,Q1 2020,565800
INVERLOCH,Q1 2020,649500
DELAHEY,Q1 2020,602000
HEPBURN,Q1 2020,485000
OAKLEIGH SOUTH,Q1 2020,1015000
THORNHILL PARK,Q1 2020,435000
CHELSEA HEIGHTS,Q1 2020,845000
NARRE WARREN SOUTH,Q1 2020,647500
WENDOUREE,Q1 2020,357500
ABBOTSFORD,Q1 2020,1230000
LALOR,Q1 2020,625000
TECOMA,Q1 2020,727500
BELL POST HILL,Q1 2020,560000
BITTERN,Q1 2020,615000
CLIFTON SPRINGS,Q1 2020,517000
ELTHAM NORTH,Q1 2020,1000000
EPPING,Q1 2020,579800
LILYDALE,Q1 2020,725000
BLACK ROCK,Q1 2020,1920000
RHYLL,Q1 2020,495000
ROSEBUD,Q1 2020,582500
DOVETON,Q1 2020,490000
GROVEDALE,Q1 2020,547000
HEATHMONT,Q1 2020,890000
PARADISE BEACH,Q1 2020,248000
SKIPTON,Q1 2020,212000
AIREYS INLET,Q1 2020,1050000
NEWINGTON,Q1 2020,605000
BENTLEIGH,Q1 2020,1510000
LINTON,Q1 2020,337500
MELTON SOUTH,Q1 2020,400500
THORNBURY,Q1 2020,1230000
KEW,Q1 2020,2200000
KIALLA,Q1 2020,420000
MICKLEHAM,Q1 2020,550000
RINGWOOD NORTH,Q1 2020,890500
WALLAN,Q1 2020,492500
LAKE GARDENS,Q1 2020,638000
ARDEER,Q1 2020,600000
MERINDA PARK,Q1 2020,545000
ALPHINGTON,Q1 2020,1435500
PASCOE VALE,Q1 2020,930000
HARCOURT,Q1 2020,490000
NHILL,Q1 2020,107500
CLAYTON SOUTH,Q2 2020,830000
DANDENONG,Q2 2020,616000
MERNDA,Q2 2020,560000
WARBURTON,Q2 2020,530000
ATTWOOD,Q2 2020,813800
SYNDAL,Q2 2020,1652000
FAWKNER,Q2 2020,710000
SOMERVILLE,Q2 2020,637000
STRATFORD,Q2 2020,315000
BANNOCKBURN,Q2 2020,555000
CHELTENHAM EAST,Q2 2020,917500
EAGLEMONT,Q2 2020,2029000
LEOPOLD,Q2 2020,523800
AVONDALE HEIGHTS,Q2 2020,791000
DIAMOND CREEK,Q2 2020,749000
WARRANWOOD,Q2 2020,865000
CALIFORNIA GULLY,Q2 2020,300000
CRANBOURNE,Q2 2020,492500
ECHUCA,Q2 2020,427500
BRAYBROOK,Q2 2020,671500
SPOTSWOOD,Q2 2020,906000
TOORADIN,Q2 2020,760000
KEYSBOROUGH,Q2 2020,720000
MCKENZIE HILL,Q2 2020,584000
WERRIBEE,Q2 2020,510000
BERWICK,Q2 2020,680000
KEILOR PARK,Q2 2020,689000
VERMONT,Q2 2020,1068000
CROYDON NORTH,Q2 2020,850000
GLADSTONE PARK,Q2 2020,610000
BONBEACH,Q2 2020,900000
HEIDELBERG WEST,Q2 2020,681000
TONGALA,Q2 2020,210000
FOOTSCRAY,Q2 2020,810000
JUNCTION VILLAGE,Q2 2020,515000
ROCHESTER,Q2 2020,220000
FLEMINGTON,Q2 2020,915000
KILLARA (WODONGA),Q2 2020,427500
ST KILDA EAST,Q2 2020,1580000
TALLANGATTA,Q2 2020,165000
ALTONA EAST,Q2 2020,892000
SANDHURST,Q2 2020,810000
BLACKBURN NORTH,Q2 2020,1046500
OUYEN,Q2 2020,70500
BANDIANA,Q2 2020,456300
BELLFIELD (BANYULE),Q2 2020,910000
MARIBYRNONG,Q2 2020,1030000
MALVERN,Q2 2020,2300000
NORTH MELBOURNE,Q2 2020,1061100
MALVERN EAST,Q2 2020,2090000
BURWOOD EAST,Q2 2020,1000000
BALWYN,Q2 2020,2140000
SMITHS BEACH,Q2 2020,742000
KINGSVILLE,Q2 2020,1007000
LOVELY BANKS,Q2 2020,532500
BALLAN,Q2 2020,470000
HEATHERTON,Q2 2020,991000
VERMONT SOUTH,Q2 2020,1085000
DONVALE,Q2 2020,1123500
NERRINA,Q2 2020,411000
SOUTH KINGSVILLE,Q2 2020,1146000
RAINBOW,Q2 2020,60000
CREMORNE,Q2 2020,1051000
MERBEIN,Q2 2020,168000
PEARCEDALE,Q2 2020,580000
PORT ALBERT,Q2 2020,327500
BEVERIDGE,Q2 2020,555000
PARKVILLE,Q2 2020,1625000
BRIGHT,Q2 2020,629900
LUCKNOW,Q2 2020,343000
BOX HILL,Q2 2020,1383000
BROOKLYN,Q2 2020,725000
CHEWTON,Q2 2020,520000
NIDDRIE,Q2 2020,897500
INGLEWOOD,Q2 2020,195000
KOO WEE RUP,Q2 2020,486300
WAHGUNYAH,Q2 2020,395000
GOWANBRAE,Q2 2020,647500
CLIFTON HILL,Q2 2020,1345000
GREEN LAKE,Q2 2020,360000
KANIVA,Q2 2020,96000
ORBOST,Q2 2020,217000
CARRUM,Q2 2020,979000
DUNOLLY,Q2 2020,245000
ST KILDA WEST,Q2 2020,2630000
ELMORE,Q2 2020,377500
WEDDERBURN,Q2 2020,125000
BIRREGURRA,Q2 2020,551000
SOUTH YARRA,Q2 2020,1642500
BOX HILL SOUTH,Q2 2020,1179500
CANTERBURY,Q2 2020,2700000
WYCHEPROOF,Q2 2020,115000
SELBY,Q2 2020,743500
CAROLINE SPRINGS,Q2 2020,680000
DONCASTER,Q2 2020,1235000
MOOROOPNA,Q2 2020,223800
POINT COOK,Q2 2020,655000
BURWOOD,Q2 2020,1007500
HAMPTON EAST,Q2 2020,1285000
STRATHTULLOH,Q2 2020,520000
TARNEIT,Q2 2020,576500
WESTMEADOWS,Q2 2020,570000
SCORESBY,Q2 2020,760500
MITCHAM,Q2 2020,974500
NEW GISBORNE,Q2 2020,715000
WOLLERT,Q2 2020,580000
HAMLYN HEIGHTS,Q2 2020,577500
FOREST HILL,Q2 2020,978500
PLENTY,Q2 2020,1245000
THE BASIN,Q2 2020,833000
SURREY HILLS,Q2 2020,1650000
SEA LAKE,Q2 2020,80500
CAPE PATERSON,Q2 2020,675000
ST KILDA,Q2 2020,1315000
COBRAM,Q2 2020,252000
ARMADALE,Q2 2020,2500000
CAULFIELD NORTH,Q2 2020,1956000
LORNE,Q2 2020,1020000
CHELTENHAM NORTH,Q2 2020,905000
BOOLARRA,Q2 2020,245000
OMEO,Q2 2020,238000
DUNKELD,Q2 2020,610000
BLACK HILL,Q2 2020,405000
ROCKBANK,Q2 2020,387500
SURF BEACH,Q2 2020,462500
CLAYTON NORTH,Q2 2020,1444400
ALBERT PARK,Q2 2020,1777500
WEST MELBOURNE,Q2 2020,1340000
STRATHMERTON,Q2 2020,162500
LAKE TYERS BEACH,Q2 2020,308000
THE PATCH,Q2 2020,680000
TEMPLESTOWE,Q2 2020,1400000
BURNSIDE HEIGHTS,Q2 2020,651000
COWES,Q2 2020,602300
HORSHAM,Q2 2020,242500
SKYE,Q2 2020,613500
MAIDSTONE,Q2 2020,750000
SORRENTO,Q2 2020,1586700
TRUGANINA,Q2 2020,590000
WEIR VIEWS,Q2 2020,493000
BOX HILL NORTH,Q2 2020,1210000
HARKNESS,Q2 2020,465000
PASCOE VALE SOUTH,Q2 2020,989300
MOUNT WAVERLEY,Q2 2020,1305000
EUMEMMERRING,Q2 2020,525000
LAKE BOGA,Q2 2020,235000
MIDDLE PARK,Q2 2020,1993000
HIGHETT,Q2 2020,1300000
LAKE WENDOUREE,Q2 2020,1200000
PORTSEA,Q2 2020,2100000
CASTERTON,Q2 2020,120000
CAULFIELD EAST,Q2 2020,900000
TRAVANCORE,Q2 2020,1685000
INDENTED HEAD,Q2 2020,497500
GLEN HUNTLY,Q2 2020,1149000
SEASPRAY,Q2 2020,330000
MALLACOOTA,Q2 2020,355000
VIOLET TOWN,Q2 2020,348000
MONT ALBERT NORTH,Q2 2020,1345000
AIRPORT WEST,Q2 2020,798500
GRANTVILLE,Q2 2020,360000
KINGLAKE,Q2 2020,585000
LOWER PLENTY,Q2 2020,912200
CHELTENHAM,Q2 2020,1146000
PARK ORCHARDS,Q2 2020,1500000
BAYSWATER,Q2 2020,747000
EYNESBURY,Q2 2020,630000
YARRAVILLE,Q2 2020,1050000
PRINCES HILL,Q2 2020,1743100
FIVEWAYS,Q2 2020,411000
KEILOR EAST,Q2 2020,825000
KEW NORTH,Q2 2020,1600000
HEATHCOTE,Q2 2020,340000
KEALBA,Q2 2020,595000
ASHBURTON,Q2 2020,1528000
BENTLEIGH EAST,Q2 2020,1155000
MITCHELL PARK,Q2 2020,330000
JEERALANG NORTH,Q2 2020,337500
KILSYTH,Q2 2020,658000
KNOXFIELD,Q2 2020,790000
MOORABBIN,Q2 2020,1040000
WANDIN NORTH,Q2 2020,715000
GLENROWAN,Q2 2020,330000
YALLAMBIE,Q2 2020,830000
CLUNES,Q2 2020,360000
MOUNT MARTHA,Q2 2020,1335000
KALLISTA,Q2 2020,725000
MELTON,Q2 2020,390000
BURNSIDE,Q2 2020,673500
MOONEE PONDS,Q2 2020,1242500
WAURN PONDS,Q2 2020,717500
BALACLAVA,Q2 2020,1390000
RUPANYUP,Q2 2020,140000
BRUNSWICK EAST,Q2 2020,1286500
EASTWOOD,Q2 2020,437500
LENEVA,Q2 2020,441000
SAN REMO,Q2 2020,500000
MULGRAVE,Q2 2020,815000
OAK PARK,Q2 2020,875000
RIDDELLS CREEK,Q2 2020,650000
SEAHOLME,Q2 2020,895000
PARKDALE,Q2 2020,1168500
TRARALGON EAST,Q2 2020,500000
CAULFIELD,Q2 2020,1795000
WANTIRNA,Q2 2020,850000
COONGULLA,Q2 2020,310000
SUNSHINE WEST,Q2 2020,647500
CLAYTON,Q2 2020,1030000
CRANBOURNE SOUTH,Q2 2020,640000
YARRAGON,Q2 2020,375000
BRUNSWICK,Q2 2020,1095000
EUREKA,Q2 2020,475000
BALLARAT NORTH,Q2 2020,421000
WANTIRNA SOUTH,Q2 2020,938800
WINDSOR,Q2 2020,1180000
ALTONA,Q2 2020,925000
BUNDOORA,Q2 2020,698500
CAMBERWELL,Q2 2020,2278900
MOUNT MACEDON,Q2 2020,1140000
BULLEEN,Q2 2020,1205000
IRYMPLE,Q2 2020,290000
OAKLEIGH EAST,Q2 2020,995000
KEILOR,Q2 2020,913800
CORRYONG,Q2 2020,190000
HEYWOOD,Q2 2020,188000
ESSENDON,Q2 2020,1387500
MCKINNON,Q2 2020,1592500
ELTHAM,Q2 2020,986000
DONALD,Q2 2020,125000
WESTGARTH,Q2 2020,1490000
MORDIALLOC,Q2 2020,997500
DARLEY,Q2 2020,485000
DERRIMUT,Q2 2020,645000
MOUNT CLEAR,Q2 2020,400000
ALTONA MEADOWS,Q2 2020,600000
ASHWOOD,Q2 2020,1235000
DUNNSTOWN,Q2 2020,390000
LANGWARRIN,Q2 2020,633900
NELSON,Q2 2020,260000
RINGWOOD,Q2 2020,896500
BARANDUDA,Q2 2020,398500
FRANKSTON NORTH,Q2 2020,435000
CRANBOURNE NORTH,Q2 2020,596500
CROYDON SOUTH,Q2 2020,828000
MILLGROVE,Q2 2020,430000
COBBLEBANK,Q2 2020,528500
TOOTGAROOK,Q2 2020,587500
TULLAMARINE,Q2 2020,597600
CARLTON NORTH,Q2 2020,1600000
KALKALLO,Q2 2020,555000
BEAUMARIS,Q2 2020,1800000
GOLDEN POINT (BALLARAT),Q2 2020,467500
NORTHCOTE,Q2 2020,1420500
CLYDE NORTH,Q2 2020,592000
RESERVOIR,Q2 2020,792500
WONTHAGGI,Q2 2020,367500
GLEN WAVERLEY,Q2 2020,1236000
SPRINGVALE,Q2 2020,755000
TYABB,Q2 2020,560000
YARRA JUNCTION,Q2 2020,602500
TOORA,Q2 2020,230000
ALBANVALE,Q2 2020,505000
BEECHWORTH,Q2 2020,439100
MANSFIELD,Q2 2020,460000
MEADOW HEIGHTS,Q2 2020,507500
NUNAWADING,Q2 2020,930000
EMERALD,Q2 2020,700000
MINERS REST,Q2 2020,420000
JAN JUC,Q2 2020,920000
MACLEOD,Q2 2020,950000
RICHMOND,Q2 2020,1341000
BORONIA,Q2 2020,697500
COLDSTREAM,Q2 2020,652000
NORTH WONTHAGGI,Q2 2020,366500
BELL PARK,Q2 2020,500000
FRANKSTON SOUTH,Q2 2020,866500
NARRE WARREN,Q2 2020,600000
QUEENSCLIFF,Q2 2020,905000
NUMURKAH,Q2 2020,235000
ROWVILLE,Q2 2020,822500
ST ALBANS,Q2 2020,590000
PORTLAND,Q2 2020,267500
ROSANNA,Q2 2020,1200000
SEVILLE,Q2 2020,595000
CARRUM DOWNS,Q2 2020,550000
MAIDEN GULLY,Q2 2020,570000
BELMONT,Q2 2020,585000
HASTINGS,Q2 2020,555000
CANADIAN,Q2 2020,427500
EAGLEHAWK,Q2 2020,325500
ESSENDON WEST,Q2 2020,1300000
KORUMBURRA,Q2 2020,390000
LYNBROOK,Q2 2020,690000
LYSTERFIELD,Q2 2020,945000
WHITTLESEA,Q2 2020,573500
BRIGHTON,Q2 2020,2825000
IVANHOE,Q2 2020,1590000
SHEPPARTON NORTH,Q2 2020,527500
WINTER VALLEY,Q2 2020,457500
BRIAGOLONG,Q2 2020,262500
LARA,Q2 2020,500000
TORQUAY,Q2 2020,825000
MADDINGLEY,Q2 2020,493500
SILVERLEAVES,Q2 2020,575000
YARRA GLEN,Q2 2020,640000
BAYSWATER NORTH,Q2 2020,690000
COCKATOO,Q2 2020,509000
FLOWERDALE,Q2 2020,398000
KILMORE,Q2 2020,457500
SOLDIERS HILL,Q2 2020,545000
BRIGHTON EAST,Q2 2020,1850000
GLEN IRIS,Q2 2020,2080000
ESSENDON NORTH,Q2 2020,1260000
CORIO,Q2 2020,380000
BROADMEADOWS,Q2 2020,554800
PIONEER BAY,Q2 2020,375000
WARRNAMBOOL,Q2 2020,397500
CASTLEMAINE,Q2 2020,480000
SWAN HILL,Q2 2020,290000
ASCOT (GREATER BENDIGO),Q2 2020,442500
CAMPBELLS CREEK,Q2 2020,430000
CLARINDA,Q2 2020,843800
NEWLANDS ARM,Q2 2020,720000
CRESWICK,Q2 2020,380000
WHITTINGTON,Q2 2020,361300
PORT WELSHPOOL,Q2 2020,283000
BOTANIC RIDGE,Q2 2020,720000
THOMSON (GREATER GEELONG),Q2 2020,420000
SEYMOUR,Q2 2020,340000
COBURG,Q2 2020,970000
HUNTLY,Q2 2020,371000
WALLAN EAST,Q2 2020,457000
COBURG EAST,Q2 2020,945000
OCEAN GROVE,Q2 2020,744000
WANGARATTA,Q2 2020,372000
LONG GULLY,Q2 2020,290500
MELTON WEST,Q2 2020,456000
FITZROY NORTH,Q2 2020,1625000
GISBORNE,Q2 2020,810000
CAMPBELLFIELD,Q2 2020,515000
CHELSEA,Q2 2020,985000
ROBINVALE,Q2 2020,265000
HALLS GAP,Q2 2020,350000
COOLAROO,Q2 2020,420300
COHUNA,Q2 2020,240000
DINNER PLAIN,Q2 2020,557500
PYRAMID HILL,Q2 2020,115000
BLAIRGOWRIE,Q2 2020,945000
POREPUNKAH,Q2 2020,595500
ELSTERNWICK,Q2 2020,2062500
JACKASS FLAT,Q2 2020,415000
METUNG,Q2 2020,455000
REDAN,Q2 2020,367500
ROSEBUD SOUTH,Q2 2020,650000
WOODEND,Q2 2020,705000
SALE,Q2 2020,275000
SEDDON,Q2 2020,1100000
BARWON HEADS,Q2 2020,958500
FINGAL,Q2 2020,1176000
GARFIELD,Q2 2020,610000
MONTMORENCY,Q2 2020,922800
COLAC,Q2 2020,337500
KENNINGTON,Q2 2020,437500
KERANG,Q2 2020,180000
SYDENHAM,Q2 2020,635000
GOLDEN SQUARE,Q2 2020,342600
DIGGERS REST,Q2 2020,537800
GEELONG,Q2 2020,1150000
CARLTON,Q2 2020,1227500
MARYBOROUGH,Q2 2020,265000
RESEARCH,Q2 2020,927500
TAYLORS HILL,Q2 2020,705000
CHARLEMONT,Q2 2020,533500
HAWTHORN EAST,Q2 2020,2370000
DELACOMBE,Q2 2020,392500
ORMOND,Q2 2020,1595000
ELWOOD,Q2 2020,2040000
PATTERSON GARDENS,Q2 2020,905000
MAFFRA,Q2 2020,303800
TATURA,Q2 2020,301600
NORTH BENDIGO,Q2 2020,400000
SOMERS,Q2 2020,945000
BAXTER,Q2 2020,577500
EPSOM,Q2 2020,416800
DEEPDENE,Q2 2020,2915000
NEWBOROUGH,Q2 2020,308000
NARRE WARREN NORTH,Q2 2020,1050000
ABERFELDIE,Q2 2020,1375000
SANDY POINT,Q2 2020,517500
WARRACKNABEAL,Q2 2020,136000
BALLARAT EAST,Q2 2020,370000
BONSHAW,Q2 2020,415000
DAYLESFORD,Q2 2020,638800
WARNEET,Q2 2020,566000
HAMPTON,Q2 2020,1980000
GARDEN CITY,Q2 2020,1315000
DALYSTON,Q2 2020,385000
MIRBOO NORTH,Q2 2020,325000
ALEXANDRA,Q2 2020,395000
PRAHRAN,Q2 2020,1570500
KENSINGTON,Q2 2020,985000
ASPENDALE GARDENS,Q2 2020,985000
BROADFORD,Q2 2020,420000
NEWTOWN (GREATER GEELONG),Q2 2020,880000
CRIB POINT,Q2 2020,578800
GREENVALE,Q2 2020,705000
CHIRNSIDE PARK,Q2 2020,770300
WILLIAMS LANDING,Q2 2020,671300
BIRCHIP,Q2 2020,140000
CROYDON,Q2 2020,737000
HOPPERS CROSSING,Q2 2020,550000
MORNINGTON,Q2 2020,860000
ALFREDTON,Q2 2020,500000
BLACKBURN SOUTH,Q2 2020,1061800
MILL PARK,Q2 2020,700000
SAFETY BEACH,Q2 2020,924900
WONGA PARK,Q2 2020,890000
BALCOMBE,Q2 2020,1332500
DOREEN,Q2 2020,597500
WHITE HILLS,Q2 2020,425000
BALWYN NORTH,Q2 2020,1872500
DONCASTER EAST,Q2 2020,1237500
ELLIMINYT,Q2 2020,482500
NOBLE PARK,Q2 2020,625000
ROMSEY,Q2 2020,590000
WILLIAMSTOWN,Q2 2020,1324000
GOLDEN BEACH,Q2 2020,250000
COWES WEST,Q2 2020,466300
MOUNT EVELYN,Q2 2020,720000
NEWSTEAD,Q2 2020,419000
BUNYIP,Q2 2020,545000
STAWELL,Q2 2020,155000
UPPER FERNTREE GULLY,Q2 2020,965000
WENDOUREE WEST,Q2 2020,258000
BROOKFIELD,Q2 2020,460000
HOPETOUN,Q2 2020,168000
BADGER CREEK,Q2 2020,572500
NICHOLS POINT,Q2 2020,450000
FOSTER,Q2 2020,349000
TOORAK,Q2 2020,5550000
GEMBROOK,Q2 2020,600000
KOROIT,Q2 2020,365000
CAMPERDOWN,Q2 2020,258000
COLERAINE,Q2 2020,147500
SANDRINGHAM,Q2 2020,1776000
ST ARNAUD,Q2 2020,145000
YINNAR,Q2 2020,374000
PORT MELBOURNE,Q2 2020,1450000
CAPE SCHANCK,Q2 2020,1095500
KYABRAM,Q2 2020,280000
MOUNT PLEASANT,Q2 2020,372500
PATTERSON LAKES,Q2 2020,890000
WARRANDYTE,Q2 2020,1009000
ALTONA NORTH,Q2 2020,812500
SPRING GULLY,Q2 2020,405000
WATSONIA NORTH,Q2 2020,800000
WHEELERS HILL,Q2 2020,1122500
BALNARRING,Q2 2020,782500
PAYNESVILLE,Q2 2020,318500
WERRIBEE SOUTH,Q2 2020,600000
YALLOURN NORTH,Q2 2020,200500
CHADSTONE,Q2 2020,966500
MURTOA,Q2 2020,122500
SASSAFRAS,Q2 2020,809000
MORWELL,Q2 2020,185000
ALBION,Q2 2020,571000
IRONBARK,Q2 2020,372900
QUARRY HILL,Q2 2020,377500
WOOLAMAI WATERS,Q2 2020,460000
BRUTHEN,Q2 2020,215000
PORTARLINGTON,Q2 2020,722000
WOORI YALLOCK,Q2 2020,525000
HERNE HILL,Q2 2020,583500
HAMILTON,Q2 2020,212500
CAULFIELD SOUTH,Q2 2020,1727500
BLACKWOOD,Q2 2020,542500
ARARAT,Q2 2020,240000
SMYTHESDALE,Q2 2020,425000
TAWONGA SOUTH,Q2 2020,380000
BENDIGO,Q2 2020,506000
ST HELENA,Q2 2020,905000
AINTREE,Q2 2020,685000
BUNINYONG,Q2 2020,590000
COONANS HILL,Q2 2020,980000
YARRAWONGA,Q2 2020,452500
MACEDON,Q2 2020,885000
MOUNT DANDENONG,Q2 2020,692500
FERNY CREEK,Q2 2020,815000
KEILOR DOWNS,Q2 2020,680600
MOUNT BEAUTY,Q2 2020,317500
STRATHFIELDSAYE,Q2 2020,526000
GREENSBOROUGH,Q2 2020,864300
LAVERTON SOUTH,Q2 2020,645000
WESTALL,Q2 2020,737000
TEMPLESTOWE LOWER,Q2 2020,1144300
CAPEL SOUND,Q2 2020,565000
FITZROY,Q2 2020,1459000
MOUNT HELEN,Q2 2020,440000
WILLIAMSTOWN NORTH,Q2 2020,890000
ANGLESEA,Q2 2020,863000
BAIRNSDALE,Q2 2020,277500
BEACONSFIELD,Q2 2020,765000
COBURG NORTH,Q2 2020,862600
LANG LANG,Q2 2020,530000
NEWCOMB,Q2 2020,437500
CAIRNLEA,Q2 2020,789500
LOCH SPORT,Q2 2020,221500
MARONG,Q2 2020,465000
MARSHALL,Q2 2020,499000
PRESTON,Q2 2020,987000
WEST WODONGA,Q2 2020,372500
CRANBOURNE EAST,Q2 2020,540000
LAVERTON,Q2 2020,510000
LEONGATHA,Q2 2020,385000
COLLINGWOOD,Q2 2020,1602500
MOUNT DUNEED,Q2 2020,585000
WATSONIA,Q2 2020,761300
WYNDHAM VALE,Q2 2020,473500
WARRAGUL,Q2 2020,487500
CHURCHILL,Q2 2020,210000
MONT ALBERT,Q2 2020,1478000
RED CLIFFS,Q2 2020,250000
WINCHELSEA,Q2 2020,455000
KILCUNDA,Q2 2020,662500
KALIMNA,Q2 2020,350000
LANCEFIELD,Q2 2020,537500
TOONGABBIE,Q2 2020,299000
NATHALIA,Q2 2020,270000
HAWTHORN,Q2 2020,2400000
KILSYTH SOUTH,Q2 2020,875000
NAGAMBIE,Q2 2020,423800
EAST BAIRNSDALE,Q2 2020,314500
FAIRFIELD,Q2 2020,1240000
KALORAMA,Q2 2020,657500
KINGSBURY,Q2 2020,667500
MYRTLEFORD,Q2 2020,370000
HUGHESDALE,Q2 2020,1402500
OAKLEIGH,Q2 2020,1065000
ASCOT VALE,Q2 2020,1280000
NEERIM SOUTH,Q2 2020,425000
DENNINGTON,Q2 2020,390000
JEPARIT,Q2 2020,150000
EAST GEELONG,Q2 2020,760000
GOUGHS BAY,Q2 2020,263000
VENTNOR,Q2 2020,910000
EILDON,Q2 2020,283000
RUTHERGLEN,Q2 2020,350000
EAGLE POINT,Q2 2020,468000
TRENTHAM,Q2 2020,585000
SHEPPARTON,Q2 2020,310000
HILLSIDE (MELTON),Q2 2020,670000
WANDANA HEIGHTS,Q2 2020,697500
LAUNCHING PLACE,Q2 2020,600000
UPWEY,Q2 2020,700500
ST LEONARDS,Q2 2020,562500
BREAKWATER,Q2 2020,418300
DEER PARK,Q2 2020,558000
ENDEAVOUR HILLS,Q2 2020,645000
MONTROSE,Q2 2020,710000
ROXBURGH PARK,Q2 2020,547500
CORONET BAY,Q2 2020,380000
FERNTREE GULLY,Q2 2020,729400
MANOR LAKES,Q2 2020,545000
MINYIP,Q2 2020,65300
NEWPORT,Q2 2020,999000
SOUTH MORANG,Q2 2020,609000
BELGRAVE,Q2 2020,641000
BLIND BIGHT,Q2 2020,560000
DRYSDALE,Q2 2020,517500
SEBASTOPOL,Q2 2020,327500
THOMASTOWN,Q2 2020,577000
FRANKSTON,Q2 2020,616600
KANGAROO FLAT,Q2 2020,360500
LAKES ENTRANCE,Q2 2020,313500
SUNDERLAND BAY,Q2 2020,390000
TERANG,Q2 2020,268000
HEYFIELD,Q2 2020,197000
MCCRAE,Q2 2020,960000
DONNYBROOK,Q2 2020,707500
BEAUFORT,Q2 2020,320000
RAYMOND ISLAND,Q2 2020,565000
EUROA,Q2 2020,355000
RUSHWORTH,Q2 2020,200000
LISMORE,Q2 2020,210000
NYAH WEST,Q2 2020,120000
MOE,Q2 2020,209000
AVOCA,Q2 2020,225000
GORDON,Q2 2020,649500
TIMBOON,Q2 2020,340000
BALLARAT CENTRAL,Q2 2020,550000
DANDENONG NORTH,Q2 2020,630000
HAMPTON PARK,Q2 2020,530000
PORT FAIRY,Q2 2020,615000
EAST BENDIGO,Q2 2020,344000
KYNETON,Q2 2020,570000
HASTINGS WEST,Q2 2020,547600
HEIDELBERG HEIGHTS,Q2 2020,705000
KINGS PARK,Q2 2020,530000
MOUNT ELIZA,Q2 2020,1200000
ST ALBANS PARK,Q2 2020,450000
YEA,Q2 2020,421300
SUNBURY,Q2 2020,550000
TAYLORS LAKES,Q2 2020,722500
BACCHUS MARSH,Q2 2020,525000
HALLAM,Q2 2020,605500
BRUNSWICK WEST,Q2 2020,1180000
HEPBURN SPRINGS,Q2 2020,565000
MENTONE,Q2 2020,1160000
MURCHISON,Q2 2020,308000
PETERBOROUGH,Q2 2020,650000
FRASER RISE,Q2 2020,605000
MONBULK,Q2 2020,620000
EDITHVALE,Q2 2020,960000
JACANA,Q2 2020,615000
BLACKBURN,Q2 2020,1387500
DROUIN,Q2 2020,462500
MURRUMBEENA,Q2 2020,1599000
SUNSHINE,Q2 2020,700000
THE HONEYSUCKLES,Q2 2020,465000
COBDEN,Q2 2020,276500
MANIFOLD HEIGHTS,Q2 2020,960000
KOONDROOK,Q2 2020,170000
EDENHOPE,Q2 2020,177000
ST ANDREWS BEACH,Q2 2020,1370000
MORTLAKE,Q2 2020,180000
AVENEL,Q2 2020,535000
SOUTH GEELONG,Q2 2020,610000
DIMBOOLA,Q2 2020,222500
ARMSTRONG CREEK,Q2 2020,550000
STRATHDALE,Q2 2020,410000
WURRUK,Q2 2020,235000
CRANBOURNE WEST,Q2 2020,530500
LONGWARRY,Q2 2020,417500
MOOROOLBARK,Q2 2020,687000
RYE,Q2 2020,716000
SEAFORD,Q2 2020,677500
MILDURA,Q2 2020,336000
CHARLTON,Q2 2020,137500
GEELONG WEST,Q2 2020,705000
OSBORNE,Q2 2020,850000
SUNSET STRIP,Q2 2020,410000
RINGWOOD EAST,Q2 2020,860000
SANCTUARY LAKES,Q2 2020,670000
VIEWBANK,Q2 2020,915000
SPRINGVALE SOUTH,Q2 2020,685000
STRATHMORE,Q2 2020,1260000
SUNSHINE NORTH,Q2 2020,647000
APOLLO BAY,Q2 2020,590000
NOBLE PARK NORTH,Q2 2020,645000
NORLANE,Q2 2020,363500
TRAFALGAR,Q2 2020,470000
HIGHTON,Q2 2020,710000
WEST FOOTSCRAY,Q2 2020,770000
FAIRHAVEN,Q2 2020,2200000
OLINDA,Q2 2020,590000
IVANHOE EAST,Q2 2020,1712500
KANGAROO GROUND SOUTH,Q2 2020,845000
BROWN HILL,Q2 2020,465000
CURLEWIS,Q2 2020,485000
DINGLEY VILLAGE,Q2 2020,880000
NORTH GEELONG,Q2 2020,555000
PAKENHAM,Q2 2020,493000
BRIAR HILL,Q2 2020,845000
MALDON,Q2 2020,410000
POINT LONSDALE,Q2 2020,812500
DROMANA,Q2 2020,800000
LYNDHURST,Q2 2020,700800
CARNEGIE,Q2 2020,1366000
HADFIELD,Q2 2020,716300
LARA LAKE,Q2 2020,545000
DALLAS,Q2 2020,450000
HURSTBRIDGE,Q2 2020,772500
JUNORTOUN,Q2 2020,614000
SEVILLE EAST,Q2 2020,598000
WATTLE GLEN,Q2 2020,822900
KURUNJANG,Q2 2020,416000
WY YUNG,Q2 2020,380000
YARRAM,Q2 2020,247500
OFFICER,Q2 2020,590000
GLENROY,Q2 2020,715000
INVERMAY PARK,Q2 2020,440000
TRARALGON,Q2 2020,333800
WODONGA,Q2 2020,340000
CROYDON HILLS,Q2 2020,1004000
HEALESVILLE,Q2 2020,610000
LUCAS,Q2 2020,440000
CHILTERN,Q2 2020,311100
ROSEDALE,Q2 2020,260000
FLINDERS,Q2 2020,2472500
CORINELLA,Q2 2020,450000
ASPENDALE,Q2 2020,1031500
CRAIGIEBURN,Q2 2020,567000
FLORA HILL,Q2 2020,362500
SEABROOK,Q2 2020,647500
SOUTH MELBOURNE,Q2 2020,1337500
VENUS BAY,Q2 2020,359000
BENALLA,Q2 2020,269500
HEIDELBERG,Q2 2020,1092000
WIMBLEDON HEIGHTS,Q2 2020,465000
CLYDE,Q2 2020,590000
INVERLOCH,Q2 2020,630000
DELAHEY,Q2 2020,541500
HEPBURN,Q2 2020,560000
OAKLEIGH SOUTH,Q2 2020,970100
THORNHILL PARK,Q2 2020,570000
CHELSEA HEIGHTS,Q2 2020,790000
NARRE WARREN SOUTH,Q2 2020,645000
WENDOUREE,Q2 2020,350000
ABBOTSFORD,Q2 2020,1080000
LALOR,Q2 2020,590000
TECOMA,Q2 2020,667500
BELL POST HILL,Q2 2020,492500
BITTERN,Q2 2020,567500
CLIFTON SPRINGS,Q2 2020,505500
ELTHAM NORTH,Q2 2020,991000
EPPING,Q2 2020,567500
LILYDALE,Q2 2020,695000
BLACK ROCK,Q2 2020,2220000
RHYLL,Q2 2020,571500
ROSEBUD,Q2 2020,535000
DOVETON,Q2 2020,463000
GROVEDALE,Q2 2020,530000
HEATHMONT,Q2 2020,940000
PARADISE BEACH,Q2 2020,183000
SKIPTON,Q2 2020,168000
AIREYS INLET,Q2 2020,1010000
NEWINGTON,Q2 2020,575000
BENTLEIGH,Q2 2020,1469000
LINTON,Q2 2020,309300
MELTON SOUTH,Q2 2020,395000
THORNBURY,Q2 2020,1120000
KEW,Q2 2020,2150000
KIALLA,Q2 2020,455000
MICKLEHAM,Q2 2020,547500
RINGWOOD NORTH,Q2 2020,938000
WALLAN,Q2 2020,510000
LAKE GARDENS,Q2 2020,661300
ARDEER,Q2 2020,575000
MERINDA PARK,Q2 2020,482000
ALPHINGTON,Q2 2020,1930000
PASCOE VALE,Q2 2020,940000
HARCOURT,Q2 2020,490000
NHILL,Q2 2020,206800
CLAYTON SOUTH,Q3 2020,830000
DANDENONG,Q3 2020,599000
MERNDA,Q3 2020,553800
WARBURTON,Q3 2020,494000
ATTWOOD,Q3 2020,714000
SYNDAL,Q3 2020,1600000
FAWKNER,Q3 2020,687000
SOMERVILLE,Q3 2020,610000
STRATFORD,Q3 2020,335000
BANNOCKBURN,Q3 2020,552500
CHELTENHAM EAST,Q3 2020,930000
EAGLEMONT,Q3 2020,1790000
LEOPOLD,Q3 2020,517500
AVONDALE HEIGHTS,Q3 2020,795000
DIAMOND CREEK,Q3 2020,770000
WARRANWOOD,Q3 2020,991000
CALIFORNIA GULLY,Q3 2020,310000
CRANBOURNE,Q3 2020,504900
ECHUCA,Q3 2020,382500
BRAYBROOK,Q3 2020,642000
SPOTSWOOD,Q3 2020,902500
TOORADIN,Q3 2020,776300
KEYSBOROUGH,Q3 2020,760000
MCKENZIE HILL,Q3 2020,560000
WERRIBEE,Q3 2020,518000
BERWICK,Q3 2020,682500
KEILOR PARK,Q3 2020,725000
VERMONT,Q3 2020,975000
CROYDON NORTH,Q3 2020,802500
GLADSTONE PARK,Q3 2020,632000
BONBEACH,Q3 2020,885000
HEIDELBERG WEST,Q3 2020,658500
TONGALA,Q3 2020,225000
FOOTSCRAY,Q3 2020,801100
JUNCTION VILLAGE,Q3 2020,445000
ROCHESTER,Q3 2020,255000
FLEMINGTON,Q3 2020,985000
KILLARA (WODONGA),Q3 2020,470000
ST KILDA EAST,Q3 2020,1352600
TALLANGATTA,Q3 2020,255000
ALTONA EAST,Q3 2020,805000
SANDHURST,Q3 2020,720000
BLACKBURN NORTH,Q3 2020,872000
OUYEN,Q3 2020,100000
BANDIANA,Q3 2020,325000
BELLFIELD (BANYULE),Q3 2020,750000
MARIBYRNONG,Q3 2020,900000
MALVERN,Q3 2020,2500000
NORTH MELBOURNE,Q3 2020,1150000
MALVERN EAST,Q3 2020,1615000
BURWOOD EAST,Q3 2020,930000
BALWYN,Q3 2020,2115000
SMITHS BEACH,Q3 2020,640000
KINGSVILLE,Q3 2020,1040000
LOVELY BANKS,Q3 2020,580000
BALLAN,Q3 2020,418800
HEATHERTON,Q3 2020,860000
VERMONT SOUTH,Q3 2020,1017500
DONVALE,Q3 2020,1115000
NERRINA,Q3 2020,597500
SOUTH KINGSVILLE,Q3 2020,792000
RAINBOW,Q3 2020,73500
CREMORNE,Q3 2020,1028000
MERBEIN,Q3 2020,195000
PEARCEDALE,Q3 2020,597500
PORT ALBERT,Q3 2020,262500
BEVERIDGE,Q3 2020,532000
PARKVILLE,Q3 2020,1725000
BRIGHT,Q3 2020,620000
LUCKNOW,Q3 2020,241000
BOX HILL,Q3 2020,1429000
BROOKLYN,Q3 2020,638800
CHEWTON,Q3 2020,403800
NIDDRIE,Q3 2020,975300
INGLEWOOD,Q3 2020,212000
KOO WEE RUP,Q3 2020,480000
WAHGUNYAH,Q3 2020,264000
GOWANBRAE,Q3 2020,585000
CLIFTON HILL,Q3 2020,1040000
GREEN LAKE,Q3 2020,253000
KANIVA,Q3 2020,99000
ORBOST,Q3 2020,215000
CARRUM,Q3 2020,690000
DUNOLLY,Q3 2020,212000
ST KILDA WEST,Q3 2020,2550000
ELMORE,Q3 2020,273400
WEDDERBURN,Q3 2020,137500
BIRREGURRA,Q3 2020,379000
SOUTH YARRA,Q3 2020,1797500
BOX HILL SOUTH,Q3 2020,1060000
CANTERBURY,Q3 2020,2670000
WYCHEPROOF,Q3 2020,101500
SELBY,Q3 2020,585300
CAROLINE SPRINGS,Q3 2020,607500
DONCASTER,Q3 2020,1255000
MOOROOPNA,Q3 2020,266800
POINT COOK,Q3 2020,640000
BURWOOD,Q3 2020,1331000
HAMPTON EAST,Q3 2020,1207500
STRATHTULLOH,Q3 2020,527500
TARNEIT,Q3 2020,548000
WESTMEADOWS,Q3 2020,620000
SCORESBY,Q3 2020,747500
MITCHAM,Q3 2020,902000
NEW GISBORNE,Q3 2020,716500
WOLLERT,Q3 2020,570000
HAMLYN HEIGHTS,Q3 2020,535000
FOREST HILL,Q3 2020,962500
PLENTY,Q3 2020,1361300
THE BASIN,Q3 2020,731300
SURREY HILLS,Q3 2020,1875000
SEA LAKE,Q3 2020,108000
CAPE PATERSON,Q3 2020,445000
ST KILDA,Q3 2020,1162500
COBRAM,Q3 2020,239000
ARMADALE,Q3 2020,2054000
CAULFIELD NORTH,Q3 2020,1709000
LORNE,Q3 2020,1405000
CHELTENHAM NORTH,Q3 2020,815000
BOOLARRA,Q3 2020,175000
OMEO,Q3 2020,230000
DUNKELD,Q3 2020,220000
BLACK HILL,Q3 2020,400000
ROCKBANK,Q3 2020,423000
SURF BEACH,Q3 2020,453800
CLAYTON NORTH,Q3 2020,895100
ALBERT PARK,Q3 2020,1738800
WEST MELBOURNE,Q3 2020,976000
STRATHMERTON,Q3 2020,195000
LAKE TYERS BEACH,Q3 2020,355000
THE PATCH,Q3 2020,635000
TEMPLESTOWE,Q3 2020,1355000
BURNSIDE HEIGHTS,Q3 2020,662500
COWES,Q3 2020,580000
HORSHAM,Q3 2020,260000
SKYE,Q3 2020,590000
MAIDSTONE,Q3 2020,720000
SORRENTO,Q3 2020,1435000
TRUGANINA,Q3 2020,570000
WEIR VIEWS,Q3 2020,470000
BOX HILL NORTH,Q3 2020,1180000
HARKNESS,Q3 2020,463000
PASCOE VALE SOUTH,Q3 2020,933000
MOUNT WAVERLEY,Q3 2020,1254400
EUMEMMERRING,Q3 2020,540000
LAKE BOGA,Q3 2020,230000
MIDDLE PARK,Q3 2020,2597500
HIGHETT,Q3 2020,1230000
LAKE WENDOUREE,Q3 2020,697500
PORTSEA,Q3 2020,1600000
CASTERTON,Q3 2020,117500
CAULFIELD EAST,Q3 2020,920000
TRAVANCORE,Q3 2020,1055000
INDENTED HEAD,Q3 2020,537500
GLEN HUNTLY,Q3 2020,1017500
SEASPRAY,Q3 2020,235000
MALLACOOTA,Q3 2020,315000
VIOLET TOWN,Q3 2020,328500
MONT ALBERT NORTH,Q3 2020,1357900
AIRPORT WEST,Q3 2020,775000
GRANTVILLE,Q3 2020,375000
KINGLAKE,Q3 2020,530000
LOWER PLENTY,Q3 2020,735000
CHELTENHAM,Q3 2020,1085000
PARK ORCHARDS,Q3 2020,1530000
BAYSWATER,Q3 2020,700000
EYNESBURY,Q3 2020,570000
YARRAVILLE,Q3 2020,960100
PRINCES HILL,Q3 2020,1300000
FIVEWAYS,Q3 2020,535000
KEILOR EAST,Q3 2020,840000
KEW NORTH,Q3 2020,1800000
HEATHCOTE,Q3 2020,280000
KEALBA,Q3 2020,580000
ASHBURTON,Q3 2020,1666800
BENTLEIGH EAST,Q3 2020,1160000
MITCHELL PARK,Q3 2020,310000
JEERALANG NORTH,Q3 2020,175000
KILSYTH,Q3 2020,640000
KNOXFIELD,Q3 2020,801000
MOORABBIN,Q3 2020,1059000
WANDIN NORTH,Q3 2020,587500
GLENROWAN,Q3 2020,345000
YALLAMBIE,Q3 2020,813500
CLUNES,Q3 2020,292500
MOUNT MARTHA,Q3 2020,1242500
KALLISTA,Q3 2020,707500
MELTON,Q3 2020,375000
BURNSIDE,Q3 2020,583800
MOONEE PONDS,Q3 2020,1182000
WAURN PONDS,Q3 2020,645000
BALACLAVA,Q3 2020,1414000
RUPANYUP,Q3 2020,65000
BRUNSWICK EAST,Q3 2020,1120000
EASTWOOD,Q3 2020,413000
LENEVA,Q3 2020,425000
SAN REMO,Q3 2020,564500
MULGRAVE,Q3 2020,826300
OAK PARK,Q3 2020,887500
RIDDELLS CREEK,Q3 2020,710000
SEAHOLME,Q3 2020,955000
PARKDALE,Q3 2020,1077500
TRARALGON EAST,Q3 2020,540000
CAULFIELD,Q3 2020,1705000
WANTIRNA,Q3 2020,885000
COONGULLA,Q3 2020,265000
SUNSHINE WEST,Q3 2020,600000
CLAYTON,Q3 2020,1005900
CRANBOURNE SOUTH,Q3 2020,580500
YARRAGON,Q3 2020,395000
BRUNSWICK,Q3 2020,963000
EUREKA,Q3 2020,320000
BALLARAT NORTH,Q3 2020,371000
WANTIRNA SOUTH,Q3 2020,939000
WINDSOR,Q3 2020,1250000
ALTONA,Q3 2020,820000
BUNDOORA,Q3 2020,695000
CAMBERWELL,Q3 2020,1995000
MOUNT MACEDON,Q3 2020,865000
BULLEEN,Q3 2020,1100000
IRYMPLE,Q3 2020,383300
OAKLEIGH EAST,Q3 2020,940500
KEILOR,Q3 2020,792500
CORRYONG,Q3 2020,258500
HEYWOOD,Q3 2020,169800
ESSENDON,Q3 2020,1280000
MCKINNON,Q3 2020,1410000
ELTHAM,Q3 2020,855000
DONALD,Q3 2020,132000
WESTGARTH,Q3 2020,1600000
MORDIALLOC,Q3 2020,988000
DARLEY,Q3 2020,470000
DERRIMUT,Q3 2020,607000
MOUNT CLEAR,Q3 2020,403800
ALTONA MEADOWS,Q3 2020,625000
ASHWOOD,Q3 2020,1210500
DUNNSTOWN,Q3 2020,485000
LANGWARRIN,Q3 2020,650000
NELSON,Q3 2020,200000
RINGWOOD,Q3 2020,845000
BARANDUDA,Q3 2020,409500
FRANKSTON NORTH,Q3 2020,428000
CRANBOURNE NORTH,Q3 2020,580000
CROYDON SOUTH,Q3 2020,690000
MILLGROVE,Q3 2020,406300
COBBLEBANK,Q3 2020,495000
TOOTGAROOK,Q3 2020,620000
TULLAMARINE,Q3 2020,620500
CARLTON NORTH,Q3 2020,1520000
KALKALLO,Q3 2020,550000
BEAUMARIS,Q3 2020,1690000
GOLDEN POINT (BALLARAT),Q3 2020,395000
NORTHCOTE,Q3 2020,1348000
CLYDE NORTH,Q3 2020,575000
RESERVOIR,Q3 2020,767500
WONTHAGGI,Q3 2020,371500
GLEN WAVERLEY,Q3 2020,1260000
SPRINGVALE,Q3 2020,765000
TYABB,Q3 2020,620000
YARRA JUNCTION,Q3 2020,605000
TOORA,Q3 2020,277500
ALBANVALE,Q3 2020,505000
BEECHWORTH,Q3 2020,525000
MANSFIELD,Q3 2020,500000
MEADOW HEIGHTS,Q3 2020,484000
NUNAWADING,Q3 2020,951000
EMERALD,Q3 2020,670000
MINERS REST,Q3 2020,440000
JAN JUC,Q3 2020,897500
MACLEOD,Q3 2020,1016600
RICHMOND,Q3 2020,1260000
BORONIA,Q3 2020,710000
COLDSTREAM,Q3 2020,647800
NORTH WONTHAGGI,Q3 2020,435000
BELL PARK,Q3 2020,495000
FRANKSTON SOUTH,Q3 2020,840000
NARRE WARREN,Q3 2020,600000
QUEENSCLIFF,Q3 2020,837500
NUMURKAH,Q3 2020,249000
ROWVILLE,Q3 2020,850000
ST ALBANS,Q3 2020,600000
PORTLAND,Q3 2020,280000
ROSANNA,Q3 2020,1125000
SEVILLE,Q3 2020,625100
CARRUM DOWNS,Q3 2020,580000
MAIDEN GULLY,Q3 2020,565000
BELMONT,Q3 2020,615000
HASTINGS,Q3 2020,560000
CANADIAN,Q3 2020,416000
EAGLEHAWK,Q3 2020,363000
ESSENDON WEST,Q3 2020,1257500
KORUMBURRA,Q3 2020,360000
LYNBROOK,Q3 2020,640000
LYSTERFIELD,Q3 2020,990000
WHITTLESEA,Q3 2020,628000
BRIGHTON,Q3 2020,3325000
IVANHOE,Q3 2020,1880000
SHEPPARTON NORTH,Q3 2020,465000
WINTER VALLEY,Q3 2020,455000
BRIAGOLONG,Q3 2020,310000
LARA,Q3 2020,550000
TORQUAY,Q3 2020,850000
MADDINGLEY,Q3 2020,522500
SILVERLEAVES,Q3 2020,733800
YARRA GLEN,Q3 2020,723000
BAYSWATER NORTH,Q3 2020,788000
COCKATOO,Q3 2020,635000
FLOWERDALE,Q3 2020,317500
KILMORE,Q3 2020,470000
SOLDIERS HILL,Q3 2020,515000
BRIGHTON EAST,Q3 2020,1895000
GLEN IRIS,Q3 2020,2142000
ESSENDON NORTH,Q3 2020,1047500
CORIO,Q3 2020,392500
BROADMEADOWS,Q3 2020,550000
PIONEER BAY,Q3 2020,390000
WARRNAMBOOL,Q3 2020,415500
CASTLEMAINE,Q3 2020,508800
SWAN HILL,Q3 2020,312500
ASCOT (GREATER BENDIGO),Q3 2020,480000
CAMPBELLS CREEK,Q3 2020,545000
CLARINDA,Q3 2020,890000
NEWLANDS ARM,Q3 2020,541300
CRESWICK,Q3 2020,395000
WHITTINGTON,Q3 2020,420000
PORT WELSHPOOL,Q3 2020,340000
BOTANIC RIDGE,Q3 2020,762500
THOMSON (GREATER GEELONG),Q3 2020,437800
SEYMOUR,Q3 2020,322500
COBURG,Q3 2020,1080000
HUNTLY,Q3 2020,395000
WALLAN EAST,Q3 2020,504300
COBURG EAST,Q3 2020,1090000
OCEAN GROVE,Q3 2020,780000
WANGARATTA,Q3 2020,340000
LONG GULLY,Q3 2020,303800
MELTON WEST,Q3 2020,469000
FITZROY NORTH,Q3 2020,1450000
GISBORNE,Q3 2020,830000
CAMPBELLFIELD,Q3 2020,575000
CHELSEA,Q3 2020,1025000
ROBINVALE,Q3 2020,275000
HALLS GAP,Q3 2020,345000
COOLAROO,Q3 2020,500000
COHUNA,Q3 2020,225000
DINNER PLAIN,Q3 2020,697500
PYRAMID HILL,Q3 2020,143000
BLAIRGOWRIE,Q3 2020,1045000
POREPUNKAH,Q3 2020,590000
ELSTERNWICK,Q3 2020,2355000
JACKASS FLAT,Q3 2020,360000
METUNG,Q3 2020,465000
REDAN,Q3 2020,400000
ROSEBUD SOUTH,Q3 2020,802500
WOODEND,Q3 2020,796000
SALE,Q3 2020,355000
SEDDON,Q3 2020,1062500
BARWON HEADS,Q3 2020,1052500
FINGAL,Q3 2020,1475000
GARFIELD,Q3 2020,623300
MONTMORENCY,Q3 2020,967600
COLAC,Q3 2020,347000
KENNINGTON,Q3 2020,431000
KERANG,Q3 2020,195000
SYDENHAM,Q3 2020,653500
GOLDEN SQUARE,Q3 2020,386500
DIGGERS REST,Q3 2020,573500
GEELONG,Q3 2020,823500
CARLTON,Q3 2020,1315000
MARYBOROUGH,Q3 2020,265000
RESEARCH,Q3 2020,1080000
TAYLORS HILL,Q3 2020,805000
CHARLEMONT,Q3 2020,535000
HAWTHORN EAST,Q3 2020,2806000
DELACOMBE,Q3 2020,425000
ORMOND,Q3 2020,1700000
ELWOOD,Q3 2020,2277500
PATTERSON GARDENS,Q3 2020,1040000
MAFFRA,Q3 2020,292500
TATURA,Q3 2020,330000
NORTH BENDIGO,Q3 2020,375000
SOMERS,Q3 2020,1160000
BAXTER,Q3 2020,566000
EPSOM,Q3 2020,430000
DEEPDENE,Q3 2020,3150000
NEWBOROUGH,Q3 2020,303500
NARRE WARREN NORTH,Q3 2020,1215000
ABERFELDIE,Q3 2020,1600000
SANDY POINT,Q3 2020,485000
WARRACKNABEAL,Q3 2020,136000
BALLARAT EAST,Q3 2020,402500
BONSHAW,Q3 2020,474000
DAYLESFORD,Q3 2020,665000
WARNEET,Q3 2020,600000
HAMPTON,Q3 2020,2138800
GARDEN CITY,Q3 2020,1750000
DALYSTON,Q3 2020,445000
MIRBOO NORTH,Q3 2020,381500
ALEXANDRA,Q3 2020,340000
PRAHRAN,Q3 2020,1872500
KENSINGTON,Q3 2020,1133500
ASPENDALE GARDENS,Q3 2020,1002500
BROADFORD,Q3 2020,503800
NEWTOWN (GREATER GEELONG),Q3 2020,905000
CRIB POINT,Q3 2020,580000
GREENVALE,Q3 2020,721500
CHIRNSIDE PARK,Q3 2020,745000
WILLIAMS LANDING,Q3 2020,670000
BIRCHIP,Q3 2020,111000
CROYDON,Q3 2020,742000
HOPPERS CROSSING,Q3 2020,550000
MORNINGTON,Q3 2020,835000
ALFREDTON,Q3 2020,510000
BLACKBURN SOUTH,Q3 2020,1027500
MILL PARK,Q3 2020,689000
SAFETY BEACH,Q3 2020,825000
WONGA PARK,Q3 2020,910000
BALCOMBE,Q3 2020,1170000
DOREEN,Q3 2020,600500
WHITE HILLS,Q3 2020,338500
BALWYN NORTH,Q3 2020,1800000
DONCASTER EAST,Q3 2020,1217500
ELLIMINYT,Q3 2020,475000
NOBLE PARK,Q3 2020,650000
ROMSEY,Q3 2020,613800
WILLIAMSTOWN,Q3 2020,1386500
GOLDEN BEACH,Q3 2020,262500
COWES WEST,Q3 2020,535300
MOUNT EVELYN,Q3 2020,722500
NEWSTEAD,Q3 2020,480000
BUNYIP,Q3 2020,535000
STAWELL,Q3 2020,222500
UPPER FERNTREE GULLY,Q3 2020,725000
WENDOUREE WEST,Q3 2020,310000
BROOKFIELD,Q3 2020,530000
HOPETOUN,Q3 2020,110000
BADGER CREEK,Q3 2020,525000
NICHOLS POINT,Q3 2020,640000
FOSTER,Q3 2020,387500
TOORAK,Q3 2020,5750000
GEMBROOK,Q3 2020,730000
KOROIT,Q3 2020,397200
CAMPERDOWN,Q3 2020,306500
COLERAINE,Q3 2020,125000
SANDRINGHAM,Q3 2020,1987500
ST ARNAUD,Q3 2020,185500
YINNAR,Q3 2020,365000
PORT MELBOURNE,Q3 2020,1590000
CAPE SCHANCK,Q3 2020,1312500
KYABRAM,Q3 2020,320000
MOUNT PLEASANT,Q3 2020,390000
PATTERSON LAKES,Q3 2020,1008000
WARRANDYTE,Q3 2020,1075000
ALTONA NORTH,Q3 2020,910000
SPRING GULLY,Q3 2020,423000
WATSONIA NORTH,Q3 2020,868000
WHEELERS HILL,Q3 2020,1203000
BALNARRING,Q3 2020,1015000
PAYNESVILLE,Q3 2020,430800
WERRIBEE SOUTH,Q3 2020,800000
YALLOURN NORTH,Q3 2020,212500
CHADSTONE,Q3 2020,1145000
MURTOA,Q3 2020,148500
SASSAFRAS,Q3 2020,2660000
MORWELL,Q3 2020,213800
ALBION,Q3 2020,755000
IRONBARK,Q3 2020,395000
QUARRY HILL,Q3 2020,442500
WOOLAMAI WATERS,Q3 2020,565800
BRUTHEN,Q3 2020,348000
PORTARLINGTON,Q3 2020,747000
WOORI YALLOCK,Q3 2020,570000
HERNE HILL,Q3 2020,631000
HAMILTON,Q3 2020,253800
CAULFIELD SOUTH,Q3 2020,1735000
BLACKWOOD,Q3 2020,435000
ARARAT,Q3 2020,280300
SMYTHESDALE,Q3 2020,525000
TAWONGA SOUTH,Q3 2020,491000
BENDIGO,Q3 2020,500000
ST HELENA,Q3 2020,1130000
AINTREE,Q3 2020,740000
BUNINYONG,Q3 2020,605000
COONANS HILL,Q3 2020,1050000
YARRAWONGA,Q3 2020,482500
MACEDON,Q3 2020,1025000
MOUNT DANDENONG,Q3 2020,743500
FERNY CREEK,Q3 2020,750000
KEILOR DOWNS,Q3 2020,649000
MOUNT BEAUTY,Q3 2020,309000
STRATHFIELDSAYE,Q3 2020,510000
GREENSBOROUGH,Q3 2020,810000
LAVERTON SOUTH,Q3 2020,630000
WESTALL,Q3 2020,772000
TEMPLESTOWE LOWER,Q3 2020,1138500
CAPEL SOUND,Q3 2020,527500
FITZROY,Q3 2020,1440000
MOUNT HELEN,Q3 2020,460000
WILLIAMSTOWN NORTH,Q3 2020,880000
ANGLESEA,Q3 2020,1035000
BAIRNSDALE,Q3 2020,284000
BEACONSFIELD,Q3 2020,672500
COBURG NORTH,Q3 2020,880000
LANG LANG,Q3 2020,515000
NEWCOMB,Q3 2020,470700
CAIRNLEA,Q3 2020,800000
LOCH SPORT,Q3 2020,272000
MARONG,Q3 2020,456000
MARSHALL,Q3 2020,510000
PRESTON,Q3 2020,990800
WEST WODONGA,Q3 2020,359000
CRANBOURNE EAST,Q3 2020,580000
LAVERTON,Q3 2020,568000
LEONGATHA,Q3 2020,390000
COLLINGWOOD,Q3 2020,1048000
MOUNT DUNEED,Q3 2020,585000
WATSONIA,Q3 2020,782500
WYNDHAM VALE,Q3 2020,482500
WARRAGUL,Q3 2020,477900
CHURCHILL,Q3 2020,235000
MONT ALBERT,Q3 2020,2560000
RED CLIFFS,Q3 2020,270000
WINCHELSEA,Q3 2020,492500
KILCUNDA,Q3 2020,580000
KALIMNA,Q3 2020,356000
LANCEFIELD,Q3 2020,632000
TOONGABBIE,Q3 2020,359000
NATHALIA,Q3 2020,242500
HAWTHORN,Q3 2020,2500000
KILSYTH SOUTH,Q3 2020,912000
NAGAMBIE,Q3 2020,490000
EAST BAIRNSDALE,Q3 2020,316000
FAIRFIELD,Q3 2020,1425500
KALORAMA,Q3 2020,796000
KINGSBURY,Q3 2020,912500
MYRTLEFORD,Q3 2020,400000
HUGHESDALE,Q3 2020,1522500
OAKLEIGH,Q3 2020,1490000
ASCOT VALE,Q3 2020,1328800
NEERIM SOUTH,Q3 2020,511500
DENNINGTON,Q3 2020,382500
JEPARIT,Q3 2020,115000
EAST GEELONG,Q3 2020,815000
GOUGHS BAY,Q3 2020,382000
VENTNOR,Q3 2020,677500
EILDON,Q3 2020,290000
RUTHERGLEN,Q3 2020,340000
EAGLE POINT,Q3 2020,397500
TRENTHAM,Q3 2020,647500
SHEPPARTON,Q3 2020,310000
HILLSIDE (MELTON),Q3 2020,657500
WANDANA HEIGHTS,Q3 2020,719500
LAUNCHING PLACE,Q3 2020,535000
UPWEY,Q3 2020,774500
ST LEONARDS,Q3 2020,603300
BREAKWATER,Q3 2020,410000
DEER PARK,Q3 2020,565000
ENDEAVOUR HILLS,Q3 2020,648300
MONTROSE,Q3 2020,757000
ROXBURGH PARK,Q3 2020,570000
CORONET BAY,Q3 2020,364000
FERNTREE GULLY,Q3 2020,740000
MANOR LAKES,Q3 2020,560000
MINYIP,Q3 2020,67500
NEWPORT,Q3 2020,1125000
SOUTH MORANG,Q3 2020,650000
BELGRAVE,Q3 2020,650000
BLIND BIGHT,Q3 2020,545000
DRYSDALE,Q3 2020,600000
SEBASTOPOL,Q3 2020,341800
THOMASTOWN,Q3 2020,628800
FRANKSTON,Q3 2020,615000
KANGAROO FLAT,Q3 2020,372500
LAKES ENTRANCE,Q3 2020,390000
SUNDERLAND BAY,Q3 2020,472000
TERANG,Q3 2020,282500
HEYFIELD,Q3 2020,240000
MCCRAE,Q3 2020,887500
DONNYBROOK,Q3 2020,725000
BEAUFORT,Q3 2020,322500
RAYMOND ISLAND,Q3 2020,431800
EUROA,Q3 2020,360000
RUSHWORTH,Q3 2020,235000
LISMORE,Q3 2020,201500
NYAH WEST,Q3 2020,129000
MOE,Q3 2020,278500
AVOCA,Q3 2020,235000
GORDON,Q3 2020,559000
TIMBOON,Q3 2020,412500
BALLARAT CENTRAL,Q3 2020,530000
DANDENONG NORTH,Q3 2020,635000
HAMPTON PARK,Q3 2020,541500
PORT FAIRY,Q3 2020,656500
EAST BENDIGO,Q3 2020,408300
KYNETON,Q3 2020,620000
HASTINGS WEST,Q3 2020,465000
HEIDELBERG HEIGHTS,Q3 2020,815000
KINGS PARK,Q3 2020,525000
MOUNT ELIZA,Q3 2020,1210000
ST ALBANS PARK,Q3 2020,442000
YEA,Q3 2020,495000
SUNBURY,Q3 2020,547500
TAYLORS LAKES,Q3 2020,800000
BACCHUS MARSH,Q3 2020,525500
HALLAM,Q3 2020,585300
BRUNSWICK WEST,Q3 2020,1135000
HEPBURN SPRINGS,Q3 2020,570000
MENTONE,Q3 2020,1035000
MURCHISON,Q3 2020,231800
PETERBOROUGH,Q3 2020,430000
FRASER RISE,Q3 2020,611800
MONBULK,Q3 2020,645000
EDITHVALE,Q3 2020,1005000
JACANA,Q3 2020,555000
BLACKBURN,Q3 2020,1387500
DROUIN,Q3 2020,450000
MURRUMBEENA,Q3 2020,1483000
SUNSHINE,Q3 2020,662000
THE HONEYSUCKLES,Q3 2020,322500
COBDEN,Q3 2020,293000
MANIFOLD HEIGHTS,Q3 2020,892500
KOONDROOK,Q3 2020,335000
EDENHOPE,Q3 2020,160000
ST ANDREWS BEACH,Q3 2020,1076300
MORTLAKE,Q3 2020,252500
AVENEL,Q3 2020,550000
SOUTH GEELONG,Q3 2020,1065000
DIMBOOLA,Q3 2020,150000
ARMSTRONG CREEK,Q3 2020,572500
STRATHDALE,Q3 2020,495000
WURRUK,Q3 2020,260000
CRANBOURNE WEST,Q3 2020,542500
LONGWARRY,Q3 2020,430000
MOOROOLBARK,Q3 2020,712500
RYE,Q3 2020,749000
SEAFORD,Q3 2020,696000
MILDURA,Q3 2020,335000
CHARLTON,Q3 2020,150000
GEELONG WEST,Q3 2020,723600
OSBORNE,Q3 2020,820800
SUNSET STRIP,Q3 2020,489500
RINGWOOD EAST,Q3 2020,830000
SANCTUARY LAKES,Q3 2020,660000
VIEWBANK,Q3 2020,980000
SPRINGVALE SOUTH,Q3 2020,730000
STRATHMORE,Q3 2020,1412500
SUNSHINE NORTH,Q3 2020,650000
APOLLO BAY,Q3 2020,640000
NOBLE PARK NORTH,Q3 2020,637000
NORLANE,Q3 2020,373500
TRAFALGAR,Q3 2020,435000
HIGHTON,Q3 2020,742500
WEST FOOTSCRAY,Q3 2020,886500
FAIRHAVEN,Q3 2020,1220000
OLINDA,Q3 2020,1150000
IVANHOE EAST,Q3 2020,3125000
KANGAROO GROUND SOUTH,Q3 2020,1350000
BROWN HILL,Q3 2020,465500
CURLEWIS,Q3 2020,572500
DINGLEY VILLAGE,Q3 2020,920000
NORTH GEELONG,Q3 2020,525000
PAKENHAM,Q3 2020,520000
BRIAR HILL,Q3 2020,875000
MALDON,Q3 2020,517300
POINT LONSDALE,Q3 2020,852500
DROMANA,Q3 2020,760000
LYNDHURST,Q3 2020,710000
CARNEGIE,Q3 2020,1356000
HADFIELD,Q3 2020,780000
LARA LAKE,Q3 2020,580000
DALLAS,Q3 2020,475500
HURSTBRIDGE,Q3 2020,720000
JUNORTOUN,Q3 2020,570000
SEVILLE EAST,Q3 2020,547500
WATTLE GLEN,Q3 2020,876000
KURUNJANG,Q3 2020,443800
WY YUNG,Q3 2020,387500
YARRAM,Q3 2020,241000
OFFICER,Q3 2020,592500
GLENROY,Q3 2020,760000
INVERMAY PARK,Q3 2020,485000
TRARALGON,Q3 2020,350300
WODONGA,Q3 2020,345000
CROYDON HILLS,Q3 2020,880000
HEALESVILLE,Q3 2020,591000
LUCAS,Q3 2020,465000
CHILTERN,Q3 2020,321000
ROSEDALE,Q3 2020,305000
FLINDERS,Q3 2020,2432500
CORINELLA,Q3 2020,595000
ASPENDALE,Q3 2020,1115000
CRAIGIEBURN,Q3 2020,572600
FLORA HILL,Q3 2020,390000
SEABROOK,Q3 2020,625000
SOUTH MELBOURNE,Q3 2020,1650000
VENUS BAY,Q3 2020,361800
BENALLA,Q3 2020,310000
HEIDELBERG,Q3 2020,1180000
WIMBLEDON HEIGHTS,Q3 2020,420000
CLYDE,Q3 2020,587500
INVERLOCH,Q3 2020,622500
DELAHEY,Q3 2020,580000
HEPBURN,Q3 2020,482500
OAKLEIGH SOUTH,Q3 2020,960000
THORNHILL PARK,Q3 2020,580000
CHELSEA HEIGHTS,Q3 2020,770000
NARRE WARREN SOUTH,Q3 2020,672500
WENDOUREE,Q3 2020,360000
ABBOTSFORD,Q3 2020,1260000
LALOR,Q3 2020,629800
TECOMA,Q3 2020,706000
BELL POST HILL,Q3 2020,497400
BITTERN,Q3 2020,627500
CLIFTON SPRINGS,Q3 2020,500000
ELTHAM NORTH,Q3 2020,1135000
EPPING,Q3 2020,570000
LILYDALE,Q3 2020,715000
BLACK ROCK,Q3 2020,2110000
RHYLL,Q3 2020,576800
ROSEBUD,Q3 2020,590000
DOVETON,Q3 2020,490000
GROVEDALE,Q3 2020,522500
HEATHMONT,Q3 2020,927500
PARADISE BEACH,Q3 2020,382500
SKIPTON,Q3 2020,265000
AIREYS INLET,Q3 2020,1300000
NEWINGTON,Q3 2020,908500
BENTLEIGH,Q3 2020,1500000
LINTON,Q3 2020,338000
MELTON SOUTH,Q3 2020,415000
THORNBURY,Q3 2020,1215000
KEW,Q3 2020,2400000
KIALLA,Q3 2020,495000
MICKLEHAM,Q3 2020,580000
RINGWOOD NORTH,Q3 2020,946100
WALLAN,Q3 2020,536000
LAKE GARDENS,Q3 2020,624000
ARDEER,Q3 2020,630000
MERINDA PARK,Q3 2020,518800
ALPHINGTON,Q3 2020,1865000
PASCOE VALE,Q3 2020,930000
HARCOURT,Q3 2020,570000
NHILL,Q3 2020,189000